"","KIR3DL3","KIR2DS2","KIR2DL23","KIR2DL5","KIR2DS3","KIR2DS5","KIR2DP1","KIR2DL1","KIR2DL4","KIR3DL1","KIR3DS1","KIR2DS1","KIR2DS4","KIR3DL2"
"IND00001","KIR3DL3*00301+KIR3DL3*00202","KIR2DS2*001","KIR2DL2*00101+KIR2DL3*00101","","","","KIR2DP1*00201","KIR2DL1*00302","KIR2DL4*00102+KIR2DL4*00802","KIR3DL1*002+KIR3DL1*00401","","","KIR2DS4*00101+KIR2DS4*006","KIR3DL2*00201+KIR3DL2*00301"
"IND00002","KIR3DL3*00301+KIR3DL3*01302","KIR2DS2*001","KIR2DL2*00301+KIR2DL3*00101","","","","KIR2DP1*00201","KIR2DL1*00302","KIR2DL4*00102+KIR2DL4*00801","KIR3DL1*002+KIR3DL1*00101","","","KIR2DS4*00101+KIR2DS4*003","KIR3DL2*00201+KIR3DL2*00101"
"IND00004","KIR3DL3*00901+KIR3DL3*00801","","KIR2DL3*00101","KIR2DL5A*00101","","KIR2DS5*00201","KIR2DP1*00201+KIR2DP1*002","KIR2DL1*00302","KIR2DL4*00801+KIR2DL4*00501","KIR3DL1*00101","KIR3DS1*01301","KIR2DS1*002","KIR2DS4*003","KIR3DL2*00101+KIR3DL2*00701"
"IND00005","KIR3DL3*00101+KIR3DL3*017","","KIR2DL3*00201","","","","KIR2DP1*00301","KIR2DL1*00201","KIR2DL4*00802+KIR2DL4*011","KIR3DL1*00401+KIR3DL1*00501","","","KIR2DS4*003+KIR2DS4*010","KIR3DL2*00301+KIR3DL2*023"
"IND00006","new","KIR2DS2*001","KIR2DL2*00301+KIR2DL3*00201","","","","KIR2DP1*00301","KIR2DL1*00201","KIR2DL4*00801+KIR2DL4*011","KIR3DL1*00101+KIR3DL1*00501","","","KIR2DS4*003+KIR2DS4*010","KIR3DL2*01101+KIR3DL2*010"
"IND00009","KIR3DL3*00301+KIR3DL3*00101","KIR2DS2*001","KIR2DL2*00101+KIR2DL3*00201","KIR2DL5B*00201+KIR2DL5A*00101","KIR2DS3*00103","KIR2DS5*00201","KIR2DP1*00102+KIR2DP1*00301","KIR2DL1*007+KIR2DL1*00201","KIR2DL4*00102+KIR2DL4*00501","KIR3DL1*002","KIR3DS1*01301","KIR2DS1*002","KIR2DS4*00101","KIR3DL2*00201+KIR3DL2*00701"
"IND00010","KIR3DL3*028+KIR3DL3*01601","KIR2DS2*001","KIR2DL2*00101","KIR2DL5A*00101","","KIR2DS5*00201","KIR2DP1*00102","KIR2DL1*00401","KIR2DL4*00103+KIR2DL4*00501","KIR3DL1*020","KIR3DS1*01301","KIR2DS1*002","KIR2DS4*00101","KIR3DL2*00902+KIR3DL2*00701"
"IND00013","KIR3DL3*00901","","KIR2DL3*00101","","","","KIR2DP1*00201+KIR2DP1*002","KIR2DL1*00302","KIR2DL4*00103+KIR2DL4*011","KIR3DL1*008+KIR3DL1*053","","","KIR2DS4*003+KIR2DS4*010","KIR3DL2*00901+KIR3DL2*010"
"IND00015","KIR3DL3*00301+KIR3DL3*00206","KIR2DS2*001","KIR2DL2*00101+KIR2DL3*00101","KIR2DL5B*00201+KIR2DL5A*00101","KIR2DS3*00103","KIR2DS5*00201","KIR2DP1*00102+KIR2DP1*017","KIR2DL1*00401+KIR2DL1*00302","KIR2DL4*00102+KIR2DL4*00501","KIR3DL1*01502","KIR3DS1*01301","KIR2DS1*002","KIR2DS4*00101","KIR3DL2*00201+KIR3DL2*018"
"IND00016","KIR3DL3*00104+KIR3DL3*01402","","KIR2DL3*00201","","","","KIR2DP1*00301","new","KIR2DL4*00103+KIR2DL4*00802","KIR3DL1*020+KIR3DL1*00401","","","KIR2DS4*00101+KIR2DS4*006","KIR3DL2*00902+KIR3DL2*00501"
"IND00017","KIR3DL3*00901","","KIR2DL3*00101","","","","KIR2DP1*00201+KIR2DP1*017","KIR2DL1*00302","KIR2DL4*00102+KIR2DL4*00802","KIR3DL1*002+KIR3DL1*00401","","","KIR2DS4*00101+KIR2DS4*006","KIR3DL2*00201+KIR3DL2*01101"
"IND00018","KIR3DL3*00301+KIR3DL3*00101","KIR2DS2*001","KIR2DL2*00101+KIR2DL3*00201","KIR2DL5A*00101","","KIR2DS5*00201","KIR2DP1*00301","KIR2DL1*00201","KIR2DL4*00801+KIR2DL4*00501","KIR3DL1*00101","KIR3DS1*01301","KIR2DS1*002","KIR2DS4*003","KIR3DL2*00101+KIR3DL2*00701"
"IND00019","KIR3DL3*00101+KIR3DL3*01303","","KIR2DL3*00201","","","","KIR2DP1*00301","KIR2DL1*00201","KIR2DL4*00802+KIR2DL4*011","KIR3DL1*00401+KIR3DL1*00501","","","KIR2DS4*003+KIR2DS4*010","KIR3DL2*00301+KIR3DL2*057"
"IND00021","KIR3DL3*00101+KIR3DL3*01302","","KIR2DL3*00101+KIR2DL3*00201","","","","KIR2DP1*00201+KIR2DP1*00301","KIR2DL1*00302+KIR2DL1*00201","KIR2DL4*00102+KIR2DL4*00602","KIR3DL1*01502+KIR3DL1*00701","","","KIR2DS4*00101+KIR2DS4*004","new"
"IND00022","KIR3DL3*00102+KIR3DL3*01302","","KIR2DL3*00201","KIR2DL5A*00101","","KIR2DS5*00201","KIR2DP1*00301","KIR2DL1*00201","KIR2DL4*00103+KIR2DL4*00501","KIR3DL1*020","KIR3DS1*01301","KIR2DS1*002","KIR2DS4*00101","KIR3DL2*00902+KIR3DL2*00701"
"IND00023","KIR3DL3*00206+KIR3DL3*01001","","KIR2DL3*00101","KIR2DL5A*00101","","KIR2DS5*00201","KIR2DP1*00201+KIR2DP1*00203","KIR2DL1*00302+KIR2DL1*01201","KIR2DL4*00501+KIR2DL4*011","KIR3DL1*00501","KIR3DS1*01301","KIR2DS1*002","KIR2DS4*010","KIR3DL2*00701+KIR3DL2*00103"
"IND00024","KIR3DL3*00601+KIR3DL3*00101","","KIR2DL3*00101+KIR2DL3*00201","","","","KIR2DP1*00201+KIR2DP1*00301","KIR2DL1*00302+KIR2DL1*00201","KIR2DL4*00102+KIR2DL4*00802","KIR3DL1*002+KIR3DL1*00401","","","KIR2DS4*00101+KIR2DS4*006","KIR3DL2*00201+KIR3DL2*00301"
"IND00025","KIR3DL3*01002+KIR3DL3*00101","","KIR2DL3*003+KIR2DL3*00201","KIR2DL5A*00101","","KIR2DS5*00201","KIR2DP1*00201+KIR2DP1*00301","KIR2DL1*00302+KIR2DL1*008","KIR2DL4*00501+KIR2DL4*011","KIR3DL1*00501","KIR3DS1*01301","KIR2DS1*002","KIR2DS4*010","KIR3DL2*00701+KIR3DL2*01103"
"IND00027","KIR3DL3*029+KIR3DL3*01102","","KIR2DL3*00101+KIR2DL3*00501","","","","KIR2DP1*002+KIR2DP1*016","KIR2DL1*00302+KIR2DL1*001","KIR2DL4*00103+KIR2DL4*011","KIR3DL1*008+KIR3DL1*00501","","","KIR2DS4*003+KIR2DS4*010","KIR3DL2*00901+KIR3DL2*00103"
"IND00028","KIR3DL3*00102+KIR3DL3*00901","","KIR2DL3*00101+KIR2DL3*00201","","","","KIR2DP1*017+KIR2DP1*00301","KIR2DL1*00302+KIR2DL1*00201","KIR2DL4*00801+KIR2DL4*00802","KIR3DL1*009+KIR3DL1*00401","","","KIR2DS4*003+KIR2DS4*006","KIR3DL2*01101+KIR3DL2*00101"
"IND00029","KIR3DL3*01405+KIR3DL3*01001","KIR2DS2*001","KIR2DL2*00101+KIR2DL3*00101","KIR2DL5B*00201+KIR2DL5A*00101","KIR2DS3*00103","KIR2DS5*00201","KIR2DP1*00102+KIR2DP1*00201","KIR2DL1*00401+KIR2DL1*00302","KIR2DL4*00801+KIR2DL4*00501","KIR3DL1*00101","KIR3DS1*01301","KIR2DS1*002","KIR2DS4*003","KIR3DL2*01101+KIR3DL2*019"
"IND00030","KIR3DL3*00101+KIR3DL3*01002","","KIR2DL3*00101+KIR2DL3*003","","","","KIR2DP1*00201","KIR2DL1*00302","KIR2DL4*00102+KIR2DL4*00802","KIR3DL1*01502+KIR3DL1*00401","","","KIR2DS4*00101+KIR2DS4*006","KIR3DL2*00201+KIR3DL2*00301"
"IND00032","KIR3DL3*00301+KIR3DL3*00101","KIR2DS2*001","KIR2DL2*00301+KIR2DL3*00201","","","","KIR2DP1*00301","KIR2DL1*00201","KIR2DL4*00102+KIR2DL4*00802","KIR3DL1*002+KIR3DL1*00402","","","KIR2DS4*00101+KIR2DS4*006","KIR3DL2*00201+KIR3DL2*00301"
"IND00034","KIR3DL3*00601+KIR3DL3*00207","","KIR2DL3*00101+KIR2DL3*00201","","","","KIR2DP1*00201+KIR2DP1*00301","KIR2DL1*00302+KIR2DL1*00201","KIR2DL4*00103+KIR2DL4*00801","KIR3DL1*020+KIR3DL1*00101","","","KIR2DS4*00101+KIR2DS4*003","KIR3DL2*00902+KIR3DL2*00101"
"IND00035","KIR3DL3*00901","","KIR2DL3*00101","","","","KIR2DP1*00203+KIR2DP1*002","KIR2DL1*00302","KIR2DL4*00802+KIR2DL4*011","KIR3DL1*00401+KIR3DL1*00501","","","KIR2DS4*003+KIR2DS4*010","KIR3DL2*00301+KIR3DL2*00103"
"IND00036","KIR3DL3*00301+KIR3DL3*00102","KIR2DS2*001","KIR2DL2*00301+KIR2DL3*00201","KIR2DL5A*00101","","KIR2DS5*00201","KIR2DP1*00301","KIR2DL1*00201","KIR2DL4*00103+KIR2DL4*00501","KIR3DL1*008","KIR3DS1*01301","KIR2DS1*002","KIR2DS4*003","KIR3DL2*00901+KIR3DL2*00701"
"IND00037","KIR3DL3*00207+KIR3DL3*017","","KIR2DL3*00101+KIR2DL3*00201","KIR2DL5A*00101","","KIR2DS5*00201","KIR2DP1*00201+KIR2DP1*00301","KIR2DL1*00302+KIR2DL1*00201","KIR2DL4*00501+KIR2DL4*011","KIR3DL1*00501","KIR3DS1*01301","KIR2DS1*002","KIR2DS4*010","KIR3DL2*00701+KIR3DL2*00103"
"IND00038","KIR3DL3*041+KIR3DL3*00207","","KIR2DL3*00101+KIR2DL3*00501","","","","KIR2DP1*00201+KIR2DP1*016","KIR2DL1*00302+KIR2DL1*001","KIR2DL4*00102+KIR2DL4*00801","KIR3DL1*002+KIR3DL1*00101","","","KIR2DS4*00101+KIR2DS4*003","KIR3DL2*00201+KIR3DL2*00101"
"IND00039","KIR3DL3*00301+KIR3DL3*02701","KIR2DS2*001","new","KIR2DL5B*00201+KIR2DL5A*00101","KIR2DS3*00103","KIR2DS5*00201","KIR2DP1*00102+KIR2DP1*016","KIR2DL1*00401+KIR2DL1*001","KIR2DL4*00102+KIR2DL4*00501","KIR3DL1*01502","KIR3DS1*01301","KIR2DS1*002","KIR2DS4*00101","KIR3DL2*00201+KIR3DL2*00701"
"IND00040","KIR3DL3*00301+KIR3DL3*01402","KIR2DS2*001","KIR2DL2*00301+KIR2DL2*00101","KIR2DL5B*010+KIR2DL5A*00101","KIR2DS3*00103","KIR2DS5*00201","KIR2DP1*00102","KIR2DL1*00401","KIR2DL4*00102+KIR2DL4*00501","KIR3DL1*01502","KIR3DS1*01301","KIR2DS1*002","KIR2DS4*00101","KIR3DL2*00201+KIR3DL2*018"
"IND00041","KIR3DL3*00206+KIR3DL3*01302","","KIR2DL3*00101+KIR2DL3*00201","KIR2DL5A*00101","","KIR2DS5*00201","KIR2DP1*00203+KIR2DP1*00301","KIR2DL1*00302+KIR2DL1*00201","KIR2DL4*00602+KIR2DL4*00501","KIR3DL1*00701","KIR3DS1*01301","KIR2DS1*006","KIR2DS4*004","KIR3DL2*008+KIR3DL2*00701"
"IND00042","KIR3DL3*00301+KIR3DL3*00101","KIR2DS2*001","new","KIR2DL5B*00201+KIR2DL5A*00501","KIR2DS3*00103+KIR2DS3*00201","","KIR2DP1*00102+KIR2DP1*00301","KIR2DL1*00401+KIR2DL1*00201","KIR2DL4*00802+KIR2DL4*00501","KIR3DL1*00402","KIR3DS1*01301","KIR2DS1*002","KIR2DS4*006","KIR3DL2*00301+KIR3DL2*00701"
"IND00043","KIR3DL3*00101+KIR3DL3*00901","","KIR2DL3*00101","KIR2DL5A*00101","","KIR2DS5*00201","KIR2DP1*00201","KIR2DL1*00302","KIR2DL4*00102+KIR2DL4*00501","KIR3DL1*002","KIR3DS1*01301","KIR2DS1*002","KIR2DS4*00101","KIR3DL2*00201+KIR3DL2*00701"
"IND00044","KIR3DL3*00601+KIR3DL3*00202","","KIR2DL3*00101+KIR2DL3*00201","","","","KIR2DP1*00201+KIR2DP1*00301","KIR2DL1*00302+KIR2DL1*00201","KIR2DL4*00102+KIR2DL4*00801","KIR3DL1*01502+KIR3DL1*00101","","","KIR2DS4*00101+KIR2DS4*003","KIR3DL2*00201+KIR3DL2*00101"
"IND00046","KIR3DL3*00402+KIR3DL3*00201","KIR2DS2*001","KIR2DL2*00101+KIR2DL3*00101","KIR2DL5B*00201","KIR2DS3*00103","","KIR2DP1*00102+KIR2DP1*002","KIR2DL1*00401+KIR2DL1*00302","KIR2DL4*00801+KIR2DL4*00802","KIR3DL1*00101+KIR3DL1*00401","","","KIR2DS4*003+KIR2DS4*006","KIR3DL2*00101+KIR3DL2*048"
"IND00047","KIR3DL3*00301+KIR3DL3*00102","KIR2DS2*001","KIR2DL2*00101+KIR2DL3*00201","KIR2DL5B*00201+KIR2DL5A*00501","KIR2DS3*00103+KIR2DS3*00201","","KIR2DP1*00102+KIR2DP1*00301","KIR2DL1*00401+KIR2DL1*00201","KIR2DL4*00103+KIR2DL4*00501","KIR3DL1*008","KIR3DS1*01301","KIR2DS1*002","KIR2DS4*003","KIR3DL2*00901+KIR3DL2*00701"
"IND00048","KIR3DL3*036+KIR3DL3*00206","KIR2DS2*001","KIR2DL2*00301+KIR2DL3*00101","","","","KIR2DP1*00203","KIR2DL1*00302","KIR2DL4*00102+KIR2DL4*00802","KIR3DL1*002+KIR3DL1*00401","","","KIR2DS4*00101+KIR2DS4*006","KIR3DL2*00201+KIR3DL2*00301"
"IND00049","KIR3DL3*00301+KIR3DL3*02501","KIR2DS2*001","KIR2DL2*00101+KIR2DL3*00501","KIR2DL5B*00201+KIR2DL5A*00501","KIR2DS3*00103+KIR2DS3*00201","","KIR2DP1*00102+KIR2DP1*016","KIR2DL1*00401+KIR2DL1*001","KIR2DL4*00102+KIR2DL4*00501","KIR3DL1*002","KIR3DS1*01301","KIR2DS1*002","KIR2DS4*00101","KIR3DL2*00201+KIR3DL2*00701"
"IND00050","new","KIR2DS2*001","KIR2DL2*00101+KIR2DL3*00101","KIR2DL5B*00201","KIR2DS3*00103","","KIR2DP1*00102+KIR2DP1*00201","KIR2DL1*00401+KIR2DL1*00302","KIR2DL4*00102+KIR2DL4*011","KIR3DL1*01502+KIR3DL1*00501","","","KIR2DS4*00101+KIR2DS4*006+KIR2DS4*010","KIR3DL2*00201+KIR3DL2*008"
"IND00052","KIR3DL3*00301+KIR3DL3*01302","","KIR2DL3*00101+KIR2DL3*00201","","","","KIR2DP1*00201+KIR2DP1*00301","KIR2DL1*01201+KIR2DL1*00201","KIR2DL4*00802","KIR3DL1*00401","","KIR2DS1*002","KIR2DS4*006","KIR3DL2*043+KIR3DL2*062"
"IND00053","KIR3DL3*01404+KIR3DL3*01402","KIR2DS2*001","KIR2DL2*00301+KIR2DL2*00101","KIR2DL5B*010+KIR2DL5A*00101","KIR2DS3*00103","KIR2DS5*00201","KIR2DP1*00102","KIR2DL1*00401","KIR2DL4*00802+KIR2DL4*00501","KIR3DL1*00401","KIR3DS1*01301","KIR2DS1*002","KIR2DS4*006","KIR3DL2*00301+KIR3DL2*018"
"IND00054","KIR3DL3*00101+KIR3DL3*00207","","KIR2DL3*00101+KIR2DL3*00201","","","","KIR2DP1*00301","KIR2DL1*00302+KIR2DL1*00201","KIR2DL4*00102+KIR2DL4*00801","KIR3DL1*002+KIR3DL1*00101","","","KIR2DS4*00101+KIR2DS4*003","KIR3DL2*00201+KIR3DL2*00101"
"IND00055","KIR3DL3*020+KIR3DL3*036","KIR2DS2*001","KIR2DL2*00301+KIR2DL2*00101","KIR2DL5B*00801+KIR2DL5B*010","KIR2DS3*00103","KIR2DS5*00201","KIR2DP1*012","KIR2DL1*00401","KIR2DL4*00602+KIR2DL4*00501","KIR3DL1*00701","KIR3DS1*01301","KIR2DS1*002","KIR2DS4*004","KIR3DL2*008+KIR3DL2*00701"
"IND00056","KIR3DL3*00101+KIR3DL3*02703","","KIR2DL3*00201+KIR2DL3*00501","","","","KIR2DP1*00301+KIR2DP1*016",NA,"KIR2DL4*00801","KIR3DL1*009","","","KIR2DS4*003","KIR3DL2*01101+KIR3DL2*00301"
"IND00058","KIR3DL3*007+KIR3DL3*00101","KIR2DS2*001","KIR2DL2*00301+KIR2DL3*00101","","","","KIR2DP1*00201","KIR2DL1*00302","KIR2DL4*00801+KIR2DL4*011","KIR3DL1*00101+KIR3DL1*00501","","","KIR2DS4*003+KIR2DS4*010","KIR3DL2*00301+KIR3DL2*010"
"IND00059","KIR3DL3*00301+KIR3DL3*00101","KIR2DS2*001","KIR2DL2*00301+KIR2DL3*00201","KIR2DL5A*00101","","KIR2DS5*00201","KIR2DP1*00301","KIR2DL1*00201","KIR2DL4*00802+KIR2DL4*00501","KIR3DL1*00401","KIR3DS1*01301","KIR2DS1*002","KIR2DS4*006","KIR3DL2*00501+KIR3DL2*00701"
"IND00060","KIR3DL3*00901+KIR3DL3*017","","new","","","","KIR2DP1*00201+KIR2DP1*00301","KIR2DL1*00302+KIR2DL1*00201","KIR2DL4*00102+KIR2DL4*011","KIR3DL1*002+KIR3DL1*00501","","","KIR2DS4*00101+KIR2DS4*010","KIR3DL2*00201+KIR3DL2*00101"
"IND00061","KIR3DL3*00101+KIR3DL3*00202","","KIR2DL3*00101","KIR2DL5A*00101","","KIR2DS5*00201","KIR2DP1*00201+KIR2DP1*002","KIR2DL1*00302","KIR2DL4*00802+KIR2DL4*00501","KIR3DL1*019","KIR3DS1*01301","KIR2DS1*002","KIR2DS4*006","KIR3DL2*00501+KIR3DL2*00701"
"IND00062","KIR3DL3*01501+KIR3DL3*00101","","KIR2DL3*00101","","","","KIR2DP1*00201+KIR2DP1*00301","KIR2DL1*00302+KIR2DL1*00201","KIR2DL4*00102+KIR2DL4*00602","new","new","","KIR2DS4*00101+KIR2DS4*004","KIR3DL2*00202+KIR3DL2*008"
"IND00063","KIR3DL3*01402+KIR3DL3*01102","KIR2DS2*001","KIR2DL2*00301+KIR2DL3*00101","KIR2DL5A*00101+KIR2DL5A*01201","","KIR2DS5*00201","KIR2DP1*002+KIR2DP1*00201","new","KIR2DL4*00501","","KIR3DS1*01301","KIR2DS1*002+KIR2DS1*006","","KIR3DL2*00701"
"IND00064","KIR3DL3*00602+KIR3DL3*00802","","KIR2DL3*00101+KIR2DL3*00201","","","","KIR2DP1*00201+KIR2DP1*00301","KIR2DL1*00302+KIR2DL1*00201","KIR2DL4*00102+KIR2DL4*00801","KIR3DL1*01502+KIR3DL1*00101","","","KIR2DS4*00101+KIR2DS4*003","KIR3DL2*00202+KIR3DL2*010"
"IND00065","KIR3DL3*00101+KIR3DL3*00202","","KIR2DL3*00101+KIR2DL3*00201","","","","KIR2DP1*00203+KIR2DP1*00301","KIR2DL1*00302+KIR2DL1*00201","KIR2DL4*00802+KIR2DL4*011","KIR3DL1*00401+KIR3DL1*00501","","","KIR2DS4*003+KIR2DS4*010","KIR3DL2*00301+KIR3DL2*023"
"IND00066","KIR3DL3*01402+KIR3DL3*01307","KIR2DS2*001","KIR2DL2*00101+KIR2DL3*00201","KIR2DL5A*00101","","KIR2DS5*00201","KIR2DP1*00301","new","KIR2DL4*00802+KIR2DL4*00501","KIR3DL1*00401","KIR3DS1*01301","KIR2DS1*002","KIR2DS4*006","KIR3DL2*00501+KIR3DL2*027"
"IND00067","KIR3DL3*01404+KIR3DL3*00101","KIR2DS2*001","KIR2DL2*00101+KIR2DL3*00101","KIR2DL5B*00201","KIR2DS3*00103 KIR2DS3*007","","new","KIR2DL1*00401+KIR2DL1*00302","KIR2DL4*00801+KIR2DL4*00602","KIR3DL1*00101+KIR3DL1*00701","","","KIR2DS4*003+KIR2DS4*004","KIR3DL2*00101+KIR3DL2*008"
"IND00068","KIR3DL3*00101+KIR3DL3*01302","","KIR2DL3*00201","","","","KIR2DP1*00301","KIR2DL1*00201","KIR2DL4*00801+KIR2DL4*00802","KIR3DL1*00101+KIR3DL1*00401","","","KIR2DS4*003+KIR2DS4*006","KIR3DL2*01101+KIR3DL2*00501"
"IND00071","KIR3DL3*02501+KIR3DL3*00901","","KIR2DL3*00101+KIR2DL3*00501","","","","KIR2DP1*00201+KIR2DP1*016","KIR2DL1*00302+KIR2DL1*001","KIR2DL4*00801+KIR2DL4*011","KIR3DL1*00101+KIR3DL1*00501","","","KIR2DS4*003+KIR2DS4*010","KIR3DL2*00301+KIR3DL2*010"
"IND00072","KIR3DL3*00101+KIR3DL3*01309","","KIR2DL3*00101","","","","KIR2DP1*00201","KIR2DL1*00302","KIR2DL4*00102","KIR3DL1*01502","","","KIR2DS4*00101","KIR3DL2*00201"
"IND00073","KIR3DL3*01403+KIR3DL3*00402","KIR2DS2*001","KIR2DL2*00101","KIR2DL5B*00201","KIR2DS3*00103","","KIR2DP1*00102","KIR2DL1*00401","KIR2DL4*00102","KIR3DL1*01502","","","KIR2DS4*00101","KIR3DL2*00201"
"IND00076","KIR3DL3*02701+KIR3DL3*01102","","KIR2DL3*00101+KIR2DL3*00501","","","","KIR2DP1*002+KIR2DP1*016","KIR2DL1*00302+KIR2DL1*001","KIR2DL4*00103+KIR2DL4*00102","KIR3DL1*008+KIR3DL1*002","","","KIR2DS4*003+KIR2DS4*00101","KIR3DL2*00901+KIR3DL2*00201"
"IND00077","KIR3DL3*00101+KIR3DL3*00102","","KIR2DL3*00201","","","","KIR2DP1*00301","KIR2DL1*00201","KIR2DL4*00102+KIR2DL4*00802","KIR3DL1*01702+KIR3DL1*00401","","","KIR2DS4*00101+KIR2DS4*006","KIR3DL2*021+KIR3DL2*00501"
"IND00078","KIR3DL3*00101+KIR3DL3*01102","","KIR2DL3*00101","","","","KIR2DP1*00201+KIR2DP1*00203","KIR2DL1*00302","KIR2DL4*00802+KIR2DL4*011","KIR3DL1*00401+KIR3DL1*00501","","","KIR2DS4*003+KIR2DS4*010","KIR3DL2*00301+KIR3DL2*00103"
"IND00079","KIR3DL3*00101+KIR3DL3*02701","","KIR2DL3*00201+KIR2DL3*00501","","","","KIR2DP1*00301+KIR2DP1*016","KIR2DL1*00201+KIR2DL1*001","KIR2DL4*00102","KIR3DL1*002","","","KIR2DS4*00101","KIR3DL2*00201"
"IND00080","KIR3DL3*00601+KIR3DL3*00101","","KIR2DL3*00201","KIR2DL5A*00101+KIR2DL5A*00501","KIR2DS3*00201","KIR2DS5*00201","KIR2DP1*00301","KIR2DL1*00201","KIR2DL4*00501","","KIR3DS1*01301","KIR2DS1*006+KIR2DS1*002","","KIR3DL2*00701"
"IND00082","KIR3DL3*041+KIR3DL3*00207","","KIR2DL3*00101+KIR2DL3*004","KIR2DL5A*00101","","KIR2DS5*00201","KIR2DP1*00201+KIR2DP1*016","KIR2DL1*00302+KIR2DL1*001","KIR2DL4*00801+KIR2DL4*00501","KIR3DL1*00101","KIR3DS1*01301","KIR2DS1*002","KIR2DS4*003","KIR3DL2*00101+KIR3DL2*00701"
"IND00083","KIR3DL3*01405+KIR3DL3*00206","KIR2DS2*001","KIR2DL2*00301+KIR2DL3*00101","","","","KIR2DP1*00203","KIR2DL1*00302","KIR2DL4*00801+KIR2DL4*011","KIR3DL1*00101+KIR3DL1*00501","","","KIR2DS4*003+KIR2DS4*010","KIR3DL2*00101+KIR3DL2*00103"
"IND00084","KIR3DL3*007+KIR3DL3*00402","KIR2DS2*001","KIR2DL2*00301","KIR2DL5A*00101","","KIR2DS5*00201","","","KIR2DL4*00103+KIR2DL4*00501","KIR3DL1*020","KIR3DS1*01301","KIR2DS1*002","KIR2DS4*00101","KIR3DL2*00902+KIR3DL2*00701"
"IND00085","KIR3DL3*01601+KIR3DL3*01302","KIR2DS2*001","KIR2DL2*00101+KIR2DL3*00101","","","","KIR2DP1*00201","KIR2DL1*00302","KIR2DL4*00801","KIR3DL1*00101+KIR3DL1*009","","","KIR2DS4*003","KIR3DL2*00101+KIR3DL2*01101"
"IND00087","KIR3DL3*00101","","KIR2DL3*00101+KIR2DL3*00201","","","","KIR2DP1*00201+KIR2DP1*00301","KIR2DL1*00302+KIR2DL1*00201","KIR2DL4*00102+KIR2DL4*00802","KIR3DL1*01502+KIR3DL1*00401","","","KIR2DS4*00101+KIR2DS4*006","KIR3DL2*00202+KIR3DL2*020"
"IND00088","new","","KIR2DL3*00101","KIR2DL5A*00101","","KIR2DS5*00201","KIR2DP1*00201","KIR2DL1*00302","KIR2DL4*00103+KIR2DL4*00501","KIR3DL1*020","KIR3DS1*01301","KIR2DS1*006","KIR2DS4*00101","KIR3DL2*00902+KIR3DL2*00701"
"IND00089","KIR3DL3*00301+KIR3DL3*01303","KIR2DS2*001","KIR2DL2*00101+KIR2DL3*00101","KIR2DL5B*00201+KIR2DL5A*00101","KIR2DS3*00103","KIR2DS5*00201","KIR2DP1*00102+KIR2DP1*00201","KIR2DL1*007+KIR2DL1*00302","KIR2DL4*00602+KIR2DL4*00501","KIR3DL1*00701","KIR3DS1*01301","KIR2DS1*006","KIR2DS4*004","KIR3DL2*008+KIR3DL2*00701"
"IND00090","KIR3DL3*00301+KIR3DL3*00101","KIR2DS2*001","KIR2DL2*00101+KIR2DL3*00201","KIR2DL5B*00201+KIR2DL5A*00101+KIR2DL5A*00501","KIR2DS3*00103+KIR2DS3*00201","KIR2DS5*00201","KIR2DP1*00102+KIR2DP1*00301","KIR2DL1*00401+KIR2DL1*00201","KIR2DL4*00501","","KIR3DS1*01301","KIR2DS1*002","","KIR3DL2*00701"
"IND00092","KIR3DL3*01405+KIR3DL3*041","KIR2DS2*001","KIR2DL2*00101+KIR2DL3*00501","KIR2DL5B*00201+KIR2DL5A*00101","KIR2DS3*00103","KIR2DS5*00201","KIR2DP1*00102+KIR2DP1*013","KIR2DL1*007+KIR2DL1*01202","KIR2DL4*00103+KIR2DL4*00501","KIR3DL1*00701","KIR3DS1*01301","KIR2DS1*002","KIR2DS4*00101","KIR3DL2*01301+KIR3DL2*00701"
"IND00094","KIR3DL3*00402+KIR3DL3*00202","KIR2DS2*001","KIR2DL2*00101+KIR2DL3*00101","KIR2DL5B*00201","KIR2DS3*00103","","KIR2DP1*00102+KIR2DP1*00201","KIR2DL1*00401+KIR2DL1*00302","KIR2DL4*00102","KIR3DL1*01502","","","KIR2DS4*00101","KIR3DL2*00201+KIR3DL2*00202"
"IND00095","KIR3DL3*00601+KIR3DL3*00901","","KIR2DL3*00101+KIR2DL3*00201","","","","KIR2DP1*00201+KIR2DP1*00301","KIR2DL1*00302+KIR2DL1*00201","KIR2DL4*00102+KIR2DL4*00801","KIR3DL1*01502+KIR3DL1*00101","","","KIR2DS4*00101+KIR2DS4*003","KIR3DL2*00201+KIR3DL2*01101"
"IND00096","KIR3DL3*007+KIR3DL3*00101","KIR2DS2*001","KIR2DL2*00301+KIR2DL3*00101","KIR2DL5A*00101","","KIR2DS5*00201","KIR2DP1*00201","new","KIR2DL4*00501","","KIR3DS1*01301","KIR2DS1*002","","KIR3DL2*00701"
"IND00097","KIR3DL3*00301+KIR3DL3*00101","KIR2DS2*001","KIR2DL2*00101+KIR2DL3*00201","","","","KIR2DP1*00301","KIR2DL1*00201","KIR2DL4*00801+KIR2DL4*00802","KIR3DL1*00101+KIR3DL1*00401","","","KIR2DS4*003+KIR2DS4*006","KIR3DL2*01101+KIR3DL2*00501"
"IND00098","KIR3DL3*00901","","KIR2DL3*00101","","","","KIR2DP1*00203+KIR2DP1*002","KIR2DL1*00302","KIR2DL4*00103+KIR2DL4*00802","KIR3DL1*008+KIR3DL1*00401","","","KIR2DS4*003+KIR2DS4*006","KIR3DL2*00901+KIR3DL2*00301"
"IND00099","new","KIR2DS2*001","KIR2DL2*00101+KIR2DL3*00101","","","","KIR2DP1*00201","KIR2DL1*00302","KIR2DL4*00103+KIR2DL4*011","KIR3DL1*008+KIR3DL1*00501","","","KIR2DS4*003+KIR2DS4*010","KIR3DL2*00901+KIR3DL2*00103"
"IND00101","KIR3DL3*00402+KIR3DL3*01302","KIR2DS2*001","KIR2DL2*00301+KIR2DL3*00101","KIR2DL5A*00101","","KIR2DS5*00201","KIR2DP1*00201","","KIR2DL4*00501","","KIR3DS1*01301","KIR2DS1*002","","KIR3DL2*00701"
"IND00102","KIR3DL3*028+KIR3DL3*00101","KIR2DS2*001","KIR2DL2*00101+KIR2DL3*00101","","","","KIR2DP1*00201","KIR2DL1*00302","KIR2DL4*00103+KIR2DL4*00801","KIR3DL1*020+KIR3DL1*00101","","","KIR2DS4*00101+KIR2DS4*003","KIR3DL2*00902+KIR3DL2*00101"
"IND00103","KIR3DL3*00207","","KIR2DL3*00101","","","","KIR2DP1*00201+KIR2DP1*00301","KIR2DL1*00302","KIR2DL4*00801+KIR2DL4*00802","KIR3DL1*00101+KIR3DL1*00401","","","KIR2DS4*003+KIR2DS4*006","KIR3DL2*00101+KIR3DL2*00501"
"IND00104","KIR3DL3*01501+KIR3DL3*017","","KIR2DL3*00101+KIR2DL3*00201","","","","KIR2DP1*002+KIR2DP1*00301","KIR2DL1*00302+KIR2DL1*00201","KIR2DL4*00103+KIR2DL4*00801","KIR3DL1*008+KIR3DL1*00101","","","KIR2DS4*003","KIR3DL2*00901+KIR3DL2*00101"
"IND00105","KIR3DL3*01403+KIR3DL3*01305","KIR2DS2*001","KIR2DL2*00301+KIR2DL3*00201","KIR2DL5B*00801","","KIR2DS5*00201","KIR2DP1*00301","KIR2DL1*00201","KIR2DL4*011","KIR3DL1*00501","","KIR2DS1*002","KIR2DS4*010","KIR3DL2*00103+KIR3DL2*00701"
"IND00106","KIR3DL3*00301+KIR3DL3*01307","KIR2DS2*001","KIR2DL2*00101+KIR2DL3*00201","KIR2DL5B*00201+KIR2DL5A*00101","KIR2DS3*00103","KIR2DS5*00201","KIR2DP1*00102+KIR2DP1*00301","KIR2DL1*00401+KIR2DL1*00201","KIR2DL4*00801+KIR2DL4*00501","KIR3DL1*00101","KIR3DS1*01301","KIR2DS1*002","KIR2DS4*003","KIR3DL2*00101+KIR3DL2*00701"
"IND00107","KIR3DL3*007+KIR3DL3*00101","KIR2DS2*001","KIR2DL2*00101+KIR2DL3*00201","KIR2DL5B*00201","KIR2DS3*00103","","KIR2DP1*00102+KIR2DP1*00301","KIR2DL1*00401+KIR2DL1*00201","KIR2DL4*00102+KIR2DL4*011+KIR2DL4*00501","KIR3DL1*002+KIR3DL1*00501","KIR3DS1*01301","","KIR2DS4*00101+KIR2DS4*003","KIR3DL2*00201+KIR3DL2*00101"
"IND00108","KIR3DL3*01601+KIR3DL3*00206","KIR2DS2*001","KIR2DL2*00101+KIR2DL3*00101","","","","KIR2DP1*00201","KIR2DL1*00302","KIR2DL4*00103+KIR2DL4*011","KIR3DL1*008+KIR3DL1*00501","","","KIR2DS4*00101+KIR2DS4*010","KIR3DL2*00101+KIR3DL2*00902 KIR3DL2*00202+KIR3DL2*00902"
"IND00109","KIR3DL3*036+KIR3DL3*01501","KIR2DS2*001","KIR2DL2*00101+KIR2DL3*00101","","","","KIR2DP1*00201","KIR2DL1*00302","KIR2DL4*00801","KIR3DL1*00101+KIR3DL1*009","","","KIR2DS4*003","KIR3DL2*00101+KIR3DL2*01101"
"IND00110","KIR3DL3*00301+KIR3DL3*017","KIR2DS2*001","KIR2DL2*00301+KIR2DL3*00201","","","","KIR2DP1*00301","KIR2DL1*00201","KIR2DL4*00102+KIR2DL4*011","KIR3DL1*002+KIR3DL1*00501","","","KIR2DS4*00101+KIR2DS4*010","KIR3DL2*00201+KIR3DL2*00103"
"IND00112","KIR3DL3*00101+KIR3DL3*00103","","KIR2DL3*00201","KIR2DL5A*00101","","KIR2DS5*00201","KIR2DP1*00301","KIR2DL1*00201","KIR2DL4*00802+KIR2DL4*00501","KIR3DL1*00401","KIR3DS1*049N","KIR2DS1*002","KIR2DS4*006","KIR3DL2*00501+KIR3DL2*00701"
"IND00114","KIR3DL3*007+KIR3DL3*00901","KIR2DS2*001","KIR2DL2*00301+KIR2DL3*00101","KIR2DL5B*00801+KIR2DL5B*00601","","KIR2DS5*00201","KIR2DP1*002","KIR2DL1*00302","KIR2DL4*00103+KIR2DL4*00501","KIR3DL1*008","KIR3DS1*01301","KIR2DS1*002","KIR2DS4*003","KIR3DL2*00901+KIR3DL2*00701"
"IND00115",NA,"","KIR2DL3*00101","","","","KIR2DP1*00201+KIR2DP1*00301","KIR2DL1*00302","KIR2DL4*00103+KIR2DL4*00102","KIR3DL1*008+KIR3DL1*01502","","","KIR2DS4*003+KIR2DS4*00101","KIR3DL2*00901+KIR3DL2*015"
"IND00116","KIR3DL3*00301+KIR3DL3*00801","KIR2DS2*001","KIR2DL2*00301+KIR2DL3*00101","","","","KIR2DP1*00301","KIR2DL1*00302","KIR2DL4*00801+KIR2DL4*00802","KIR3DL1*00101+KIR3DL1*00401","","","KIR2DS4*003+KIR2DS4*006","KIR3DL2*00101+KIR3DL2*00501"
"IND00117","KIR3DL3*01501+KIR3DL3*030","","KIR2DL3*00101+KIR2DL3*00110","KIR2DL5A*00101","","KIR2DS5*00201","KIR2DP1*00204+KIR2DP1*00201","KIR2DL1*00302","KIR2DL4*00802+KIR2DL4*00501","KIR3DL1*00401","KIR3DS1*01301","KIR2DS1*002","KIR2DS4*006","KIR3DL2*00301+KIR3DL2*00701"
"IND00118","KIR3DL3*00301+KIR3DL3*01307","KIR2DS2*001","new","KIR2DL5B*010+KIR2DL5A*00501","KIR2DS3*00103+KIR2DS3*00201","","KIR2DP1*00201","KIR2DL1*00401","KIR2DL4*00102+KIR2DL4*00501","KIR3DL1*002","KIR3DS1*01301","KIR2DS1*002","KIR2DS4*00101","KIR3DL2*00202+KIR3DL2*00701"
"IND00119","KIR3DL3*01402+KIR3DL3*00201","KIR2DS2*001","KIR2DL2*00301+KIR2DL3*00101","","","","KIR2DP1*00203","KIR2DL1*00302","KIR2DL4*00802+KIR2DL4*011","KIR3DL1*00401+KIR3DL1*00501","","","KIR2DS4*003+KIR2DS4*010","KIR3DL2*00101+KIR3DL2*00103"
"IND00120","KIR3DL3*01405+KIR3DL3*00601","KIR2DS2*001","KIR2DL2*00101+KIR2DL3*00201","KIR2DL5B*00201+KIR2DL5A*00501","KIR2DS3*00103+KIR2DS3*00201","","KIR2DP1*00102+KIR2DP1*00301","KIR2DL1*00401+KIR2DL1*00201","KIR2DL4*00102+KIR2DL4*00501","KIR3DL1*002","KIR3DS1*01301","KIR2DS1*002","KIR2DS4*00101","KIR3DL2*00201+KIR3DL2*019"
"IND00121","KIR3DL3*00301+KIR3DL3*01302","KIR2DS2*001","KIR2DL2*00101+KIR2DL3*00101","KIR2DL5A*00101","","KIR2DS5*00201","KIR2DP1*00201","KIR2DL1*00302","KIR2DL4*00801+KIR2DL4*00501","KIR3DL1*00101","KIR3DS1*01301","KIR2DS1*002","KIR2DS4*003","KIR3DL2*00101+KIR3DL2*00701"
"IND00122","KIR3DL3*00301","KIR2DS2*001","KIR2DL2*00101","KIR2DL5B*00201+KIR2DL5A*00101","KIR2DS3*00103","KIR2DS5*00201","KIR2DP1*00102","KIR2DL1*00401","KIR2DL4*00801+KIR2DL4*00501","KIR3DL1*00101","KIR3DS1*01301","KIR2DS1*002","KIR2DS4*003","KIR3DL2*01101+KIR3DL2*00701"
"IND00123","KIR3DL3*00301+KIR3DL3*00209","KIR2DS2*001","KIR2DL2*00101+KIR2DL3*00101","","","","KIR2DP1*00201","KIR2DL1*00302","KIR2DL4*00103","KIR3DL1*008","","","KIR2DS4*003","KIR3DL2*00901"
"IND00124","KIR3DL3*00101+KIR3DL3*00202","","KIR2DL3*00101+KIR2DL3*00201","","","","KIR2DP1*00203+KIR2DP1*00301","KIR2DL1*00302+KIR2DL1*00201","new","KIR3DL1*002+KIR3DL1*00501","","","KIR2DS4*00101+KIR2DS4*010","KIR3DL2*00103+KIR3DL2*00201"
"IND00125","KIR3DL3*01405+KIR3DL3*01302","KIR2DS2*001","KIR2DL2*00101+KIR2DL3*00201","KIR2DL5B*00201","KIR2DS3*00103","","KIR2DP1*00102+KIR2DP1*00301","KIR2DL1*00401+KIR2DL1*00201","KIR2DL4*00102+KIR2DL4*00501","KIR3DL1*002","KIR3DS1*01301","","KIR2DS4*00101","KIR3DL2*00201"
"IND00126","KIR3DL3*00301+KIR3DL3*00101","KIR2DS2*001","KIR2DL2*00101+KIR2DL3*00201","KIR2DL5B*00201","KIR2DS3*00103","","KIR2DP1*00102+KIR2DP1*00301","KIR2DL1*00401+KIR2DL1*00201","KIR2DL4*00102+KIR2DL4*00802","KIR3DL1*01502+KIR3DL1*00401","","","KIR2DS4*00101+KIR2DS4*006","KIR3DL2*00201+KIR3DL2*00501"
"IND00127","KIR3DL3*00301","KIR2DS2*001","KIR2DL2*00101","KIR2DL5B*00201+KIR2DL5A*00101","KIR2DS3*00103","KIR2DS5*00201","KIR2DP1*00102","KIR2DL1*00401","KIR2DL4*00102+KIR2DL4*00501","KIR3DL1*01502","KIR3DS1*01301","KIR2DS1*002","KIR2DS4*00101","KIR3DL2*00201+KIR3DL2*00701"
"IND00128","KIR3DL3*00301+KIR3DL3*00101","KIR2DS2*001","KIR2DL2*00301+KIR2DL3*00201","","","","KIR2DP1*00301","KIR2DL1*008","KIR2DL4*00102+KIR2DL4*011","KIR3DL1*002+KIR3DL1*00501","","","KIR2DS4*00101+KIR2DS4*010","KIR3DL2*00201+KIR3DL2*010"
"IND00129","KIR3DL3*00301+KIR3DL3*01308","KIR2DS2*001","KIR2DL2*00101+KIR2DL3*00201","KIR2DL5B*00201+KIR2DL5A*00101","KIR2DS3*00103","KIR2DS5*00201","KIR2DP1*00102+KIR2DP1*00301","KIR2DL1*00401+KIR2DL1*00201","KIR2DL4*00801+KIR2DL4*00501","KIR3DL1*009","KIR3DS1*01301","KIR2DS1*002","KIR2DS4*003","KIR3DL2*01101+KIR3DL2*00701"
"IND00130","KIR3DL3*00301+KIR3DL3*01303","KIR2DS2*001","KIR2DL2*00101+KIR2DL3*00101","KIR2DL5B*00201","KIR2DS3*00103","","KIR2DP1*00102+KIR2DP1*00201","KIR2DL1*00401+KIR2DL1*00302","KIR2DL4*00103","KIR3DL1*020","","","KIR2DS4*00101","KIR3DL2*00902"
"IND00131","KIR3DL3*00301+KIR3DL3*00103","KIR2DS2*001","KIR2DL2*00101+KIR2DL3*00201","KIR2DL5B*00201","KIR2DS3*00103","","KIR2DP1*00102+KIR2DP1*00301","KIR2DL1*00401+KIR2DL1*00201","KIR2DL4*00801+KIR2DL4*00802","KIR3DL1*00101+KIR3DL1*00401","","","KIR2DS4*003+KIR2DS4*006","KIR3DL2*01101+KIR3DL2*00301"
"IND00132","KIR3DL3*028+KIR3DL3*01302","KIR2DS2*001","KIR2DL2*00101+KIR2DL3*00201","","","","KIR2DP1*00301","KIR2DL1*00201","KIR2DL4*00103+KIR2DL4*011","KIR3DL1*020+KIR3DL1*00501","","","KIR2DS4*00101+KIR2DS4*010","KIR3DL2*00902+KIR3DL2*010"
"IND00133","KIR3DL3*01402+KIR3DL3*020","KIR2DS2*001","KIR2DL2*00101","KIR2DL5B*00201","KIR2DS3*00103","","KIR2DP1*00102+KIR2DP1*012","KIR2DL1*00401","KIR2DL4*00802+KIR2DL4*00602","KIR3DL1*00401+KIR3DL1*00701","","","KIR2DS4*006+KIR2DS4*004","KIR3DL2*00301+KIR3DL2*008"
"IND00134","KIR3DL3*00301","KIR2DS2*001","new","KIR2DL5B*00201","KIR2DS3*00103","","KIR2DP1*00102","new","KIR2DL4*00102","KIR3DL1*002+KIR3DL1*01502","","","KIR2DS4*00101","KIR3DL2*00201"
"IND00135","KIR3DL3*00902+KIR3DL3*01302","","KIR2DL3*00101","","","","KIR2DP1*00201","KIR2DL1*00302","KIR2DL4*00102","KIR3DL1*002+KIR3DL1*01502","","","KIR2DS4*00101","KIR3DL2*00201"
"IND00136","KIR3DL3*02501+KIR3DL3*044","","KIR2DL3*00101+KIR2DL3*00501","","","","KIR2DP1*00201+KIR2DP1*016","KIR2DL1*00302+KIR2DL1*001","KIR2DL4*00102+KIR2DL4*00801","KIR3DL1*002+KIR3DL1*00101","","","KIR2DS4*00101+KIR2DS4*003","KIR3DL2*00201+KIR3DL2*00101"
"IND00137","KIR3DL3*00901+KIR3DL3*00206","","KIR2DL3*00101","","","","KIR2DP1*00203+KIR2DP1*002","KIR2DL1*00302","KIR2DL4*011","KIR3DL1*00501","","","KIR2DS4*010","KIR3DL2*00103"
"IND00138","KIR3DL3*00101+KIR3DL3*041","","KIR2DL3*00101+KIR2DL3*00501","","","","KIR2DP1*00201+KIR2DP1*016","KIR2DL1*00302+KIR2DL1*001","KIR2DL4*00102","KIR3DL1*002","","","KIR2DS4*00101","KIR3DL2*00201"
"IND00139","KIR3DL3*00601+KIR3DL3*00201","","KIR2DL3*00101+KIR2DL3*00201","","","","KIR2DP1*00203+KIR2DP1*00301","KIR2DL1*00302+KIR2DL1*00201","KIR2DL4*011","KIR3DL1*00501","","","KIR2DS4*010","KIR3DL2*00103"
"IND00140","KIR3DL3*00901+KIR3DL3*00201","","KIR2DL3*00101","","","","KIR2DP1*002","KIR2DL1*00302","KIR2DL4*00102+KIR2DL4*011","KIR3DL1*01502+KIR3DL1*00501","","","KIR2DS4*00101+KIR2DS4*010","KIR3DL2*00201+KIR3DL2*00103"
"IND00141","KIR3DL3*00101+KIR3DL3*01102","","KIR2DL3*00101","KIR2DL5A*00101","","KIR2DS5*00201","KIR2DP1*00201+KIR2DP1*002","KIR2DL1*00302","KIR2DL4*00103+KIR2DL4*00501","KIR3DL1*00401","KIR3DS1*01301","KIR2DS1*002","KIR2DS4*006 KIR2DS4*015","KIR3DL2*00501+KIR3DL2*00701"
"IND00142","new","KIR2DS2*001","KIR2DL2*00101+KIR2DL3*00101","","","","KIR2DP1*00203","KIR2DL1*00302","KIR2DL4*00103+KIR2DL4*00801","KIR3DL1*00401+KIR3DL1*01502","","","KIR2DS4*00101+KIR2DS4*003","KIR3DL2*01101+KIR3DL2*00202"
"IND00143","new","","new","","","","KIR2DP1*002+KIR2DP1*016","new","KIR2DL4*00801+KIR2DL4*011","new","new","","KIR2DS4*00101+KIR2DS4*010","KIR3DL2*00101+KIR3DL2*00103"
"IND00144","KIR3DL3*00301+KIR3DL3*01501","KIR2DS2*001","KIR2DL2*00101+KIR2DL3*00101","KIR2DL5B*00201","KIR2DS3*00103","","KIR2DP1*00102+KIR2DP1*00203","KIR2DL1*00401+KIR2DL1*00302","KIR2DL4*00802+KIR2DL4*011","KIR3DL1*00401+KIR3DL1*00501","","","KIR2DS4*003+KIR2DS4*010","KIR3DL2*00301+KIR3DL2*00103"
"IND00145","KIR3DL3*00301+KIR3DL3*00202","KIR2DS2*001","KIR2DL2*00101+KIR2DL3*00101","KIR2DL5B*00201","KIR2DS3*00103","","KIR2DP1*00102+KIR2DP1*00201","KIR2DL1*00401+KIR2DL1*00302","KIR2DL4*00802+KIR2DL4*011","KIR3DL1*00401+KIR3DL1*00501","","","KIR2DS4*003+KIR2DS4*010","KIR3DL2*00301+KIR3DL2*00103"
"IND00146","KIR3DL3*034+KIR3DL3*00202","KIR2DS2*001","KIR2DL2*00101+KIR2DL3*00101","KIR2DL5B*010+KIR2DL5A*00101","KIR2DS3*00103","KIR2DS5*00201","KIR2DP1*00102+KIR2DP1*002","KIR2DL1*007+KIR2DL1*00302","KIR2DL4*00501+KIR2DL4*011","KIR3DL1*00501","KIR3DS1*01301","KIR2DS1*002","KIR2DS4*010","KIR3DL2*00701+KIR3DL2*00103"
"IND00147","KIR3DL3*00601+KIR3DL3*01501","","KIR2DL3*00101+KIR2DL3*00201","","","","KIR2DP1*00201+KIR2DP1*00301","KIR2DL1*00302+KIR2DL1*00201","KIR2DL4*00102+KIR2DL4*011","KIR3DL1*002+KIR3DL1*00501","","","KIR2DS4*00101+KIR2DS4*010","KIR3DL2*00201+KIR3DL2*010"
"IND00148","KIR3DL3*00101","","KIR2DL3*00101+KIR2DL3*00201","KIR2DL5A*00101","","KIR2DS5*00201","KIR2DP1*00201+KIR2DP1*00301","KIR2DL1*00302+KIR2DL1*00201","KIR2DL4*00801+KIR2DL4*00501","KIR3DL1*00101","KIR3DS1*01301","KIR2DS1*002","KIR2DS4*003","new"
"IND00149","KIR3DL3*00301+KIR3DL3*017","KIR2DS2*001","KIR2DL2*00301+KIR2DL3*00201","","","","KIR2DP1*00301","KIR2DL1*00201","KIR2DL4*00801+KIR2DL4*011","KIR3DL1*00101+KIR3DL1*00501","","","KIR2DS4*003+KIR2DS4*010","KIR3DL2*00101+KIR3DL2*00103"
"IND00150","KIR3DL3*01402+KIR3DL3*036","KIR2DS2*001","KIR2DL2*00301+KIR2DL2*00101","","","","","","KIR2DL4*00102+KIR2DL4*00802","KIR3DL1*002+KIR3DL1*00402","","","KIR2DS4*00101+KIR2DS4*006","KIR3DL2*00201+KIR3DL2*00301"
"IND00151","KIR3DL3*00301+KIR3DL3*00101","KIR2DS2*001","KIR2DL2*00301+KIR2DL3*00201","","","","KIR2DP1*00301","KIR2DL1*00201","KIR2DL4*00102","KIR3DL1*002","","","KIR2DS4*00101","KIR3DL2*00201"
"IND00152","KIR3DL3*00301+KIR3DL3*017","KIR2DS2*001","KIR2DL2*00101+KIR2DL3*00201","KIR2DL5B*00201","KIR2DS3*00103","","KIR2DP1*00102+KIR2DP1*00301","KIR2DL1*00401+KIR2DL1*00201","KIR2DL4*00102+KIR2DL4*011","KIR3DL1*002+KIR3DL1*00501","","","KIR2DS4*00101+KIR2DS4*010","KIR3DL2*00201+KIR3DL2*00103"
"IND00153","KIR3DL3*00301+KIR3DL3*00101","KIR2DS2*001","KIR2DL2*00101+KIR2DL3*00201","KIR2DL5B*00201","KIR2DS3*00103","","KIR2DP1*00102+KIR2DP1*00301","KIR2DL1*00401+KIR2DL1*00201","KIR2DL4*00802","KIR3DL1*00401","","","KIR2DS4*006","KIR3DL2*00301+KIR3DL2*00501"
"IND00154","KIR3DL3*00301+KIR3DL3*01302","KIR2DS2*001","new","","","","KIR2DP1*00301","KIR2DL1*00302","KIR2DL4*013+KIR2DL4*00802","new","new","","KIR2DS4*00101+KIR2DS4*003+KIR2DS4*006","KIR3DL2*00202+KIR3DL2*00501"
"IND00155","KIR3DL3*00201+KIR3DL3*01302","","KIR2DL3*00101","KIR2DL5A*00101","","KIR2DS5*00201","KIR2DP1*00201","KIR2DL1*00302","KIR2DL4*00501","","KIR3DS1*01301","KIR2DS1*002+KIR2DS1*006","","KIR3DL2*00701"
"IND00156","KIR3DL3*00601+KIR3DL3*00202","","KIR2DL3*00101+KIR2DL3*00201","","","","KIR2DP1*00203+KIR2DP1*00301","KIR2DL1*00302+KIR2DL1*00201","KIR2DL4*00802+KIR2DL4*011","new","new","","KIR2DS4*003+KIR2DS4*010","KIR3DL2*00301+KIR3DL2*00103"
"IND00157","KIR3DL3*01601+KIR3DL3*00402","KIR2DS2*001","KIR2DL2*00301+KIR2DL2*00101","","","","","","KIR2DL4*00102+KIR2DL4*011","KIR3DL1*002+KIR3DL1*00501","","","KIR2DS4*00101+KIR2DS4*010","KIR3DL2*00201+KIR3DL2*010"
"IND00159","KIR3DL3*00101+KIR3DL3*00206","","KIR2DL3*00101+KIR2DL3*00201","KIR2DL5A*00501","KIR2DS3*00201","","new","KIR2DL1*00302+KIR2DL1*00201","KIR2DL4*00802+KIR2DL4*00501","KIR3DL1*00401","KIR3DS1*01301","KIR2DS1*002","KIR2DS4*006","KIR3DL2*00501+KIR3DL2*00701"
"IND00160","KIR3DL3*01403+KIR3DL3*01402","KIR2DS2*001","KIR2DL2*00301","","","","","","KIR2DL4*00102+KIR2DL4*00802","KIR3DL1*002+KIR3DL1*019","","","KIR2DS4*00101+KIR2DS4*006","KIR3DL2*00201+KIR3DL2*00501"
"IND00161","KIR3DL3*00206+KIR3DL3*007","KIR2DS2*001","new","KIR2DL5A*00101+KIR2DL5A*01201","","KIR2DS5*00201","KIR2DP1*00203","KIR2DL1*00302","KIR2DL4*00802+KIR2DL4*00501","KIR3DL1*00401","KIR3DS1*01301","KIR2DS1*002","KIR2DS4*006","KIR3DL2*00301+KIR3DL2*00701"
"IND00162","KIR3DL3*00101+KIR3DL3*00902","","KIR2DL3*00101+KIR2DL3*00201","","","","KIR2DP1*00201+KIR2DP1*00301","KIR2DL1*00302+KIR2DL1*00201","KIR2DL4*00802+KIR2DL4*011","KIR3DL1*00401+KIR3DL1*00501","","","KIR2DS4*003+KIR2DS4*010","KIR3DL2*00301+KIR3DL2*057"
"IND00163","KIR3DL3*00101+KIR3DL3*01302","","KIR2DL3*00201","","","","KIR2DP1*00301","KIR2DL1*00201","KIR2DL4*00802+KIR2DL4*011","KIR3DL1*00401+KIR3DL1*00501","","","KIR2DS4*003+KIR2DS4*010","KIR3DL2*00301+KIR3DL2*010"
"IND00164","KIR3DL3*007+KIR3DL3*00103","KIR2DS2*001","KIR2DL2*00301+KIR2DL3*00201","KIR2DL5A*00101","","KIR2DS5*00201","KIR2DP1*004","KIR2DL1*00201","KIR2DL4*00801+KIR2DL4*00501","KIR3DL1*00101","KIR3DS1*049N","KIR2DS1*002","KIR2DS4*003","KIR3DL2*00101+KIR3DL2*00701"
"IND00165","KIR3DL3*00102+KIR3DL3*00206","","KIR2DL3*00101+KIR2DL3*00201","","","","KIR2DP1*00203+KIR2DP1*00301","KIR2DL1*00302+KIR2DL1*00201","KIR2DL4*00102+KIR2DL4*011","KIR3DL1*002+KIR3DL1*00501","","","KIR2DS4*00101+KIR2DS4*010","KIR3DL2*00201+KIR3DL2*00103"
"IND00166","KIR3DL3*00301","KIR2DS2*001","new","KIR2DL5B*00201+KIR2DL5A*00101","KIR2DS3*00103","KIR2DS5*00201","new","KIR2DL1*00401+KIR2DL1*00302","KIR2DL4*00102+KIR2DL4*00501","KIR3DL1*01502","KIR3DS1*01301","KIR2DS1*002","KIR2DS4*00101","KIR3DL2*00201+KIR3DL2*00701"
"IND00167","new","","new","KIR2DL5A*00501","","KIR2DS5*00201","new","new","KIR2DL4*00102+KIR2DL4*00501","KIR3DL1*00101","KIR3DS1*049N","KIR2DS1*002","KIR2DS4*00101+KIR2DS4*003","KIR3DL2*00202+KIR3DL2*00701"
"IND00168","KIR3DL3*00301+KIR3DL3*044","KIR2DS2*001","KIR2DL2*00101+KIR2DL3*00101","KIR2DL5B*00201","KIR2DS3*00103","","KIR2DP1*00102+KIR2DP1*00201","KIR2DL1*00302","KIR2DL4*00102","KIR3DL1*002","","KIR2DS1*002","KIR2DS4*00101","KIR3DL2*00201+KIR3DL2*00701"
"IND00169","KIR3DL3*01307+KIR3DL3*01002","","KIR2DL3*00101+KIR2DL3*00201","KIR2DL5A*00101+KIR2DL5A*00103","","KIR2DS5*00201","KIR2DP1*00201+KIR2DP1*00301","KIR2DL1*00302+KIR2DL1*00201","KIR2DL4*00501","","KIR3DS1*01301","KIR2DS1*002","","KIR3DL2*00701"
"IND00170","KIR3DL3*031+KIR3DL3*00801","","KIR2DL3*00101+KIR2DL3*00501","KIR2DL5A*00101","","KIR2DS5*00201","KIR2DP1*00201+KIR2DP1*016","KIR2DL1*00302+KIR2DL1*001","KIR2DL4*00102+KIR2DL4*00501","KIR3DL1*01502","KIR3DS1*01301","KIR2DS1*002","KIR2DS4*00101","KIR3DL2*00201+KIR3DL2*00701"
"IND00171","KIR3DL3*036+KIR3DL3*00101","KIR2DS2*001","KIR2DL2*00301+KIR2DL3*00201","","","","KIR2DP1*00301","KIR2DL1*00201","KIR2DL4*00103+KIR2DL4*00102","KIR3DL1*008+KIR3DL1*002","","","KIR2DS4*003+KIR2DS4*00101","KIR3DL2*00901+KIR3DL2*00201"
"IND00172","new","","KIR2DL3*00101+KIR2DL3*00501","","","","KIR2DP1*00201+KIR2DP1*016","KIR2DL1*00302+KIR2DL1*001","KIR2DL4*00103+KIR2DL4*00801","KIR3DL1*020+KIR3DL1*00101","","","KIR2DS4*00101+KIR2DS4*003","KIR3DL2*00902+KIR3DL2*00101"
"IND00173","KIR3DL3*00301+KIR3DL3*01303","KIR2DS2*001","KIR2DL2*00301+KIR2DL3*00201","KIR2DL5A*00501","KIR2DS3*003N","","KIR2DP1*00301","KIR2DL1*00201","KIR2DL4*00802+KIR2DL4*00501","KIR3DL1*00401","KIR3DS1*01301","KIR2DS1*002","KIR2DS4*006","KIR3DL2*00501+KIR3DL2*00701"
"IND00174","KIR3DL3*01306+KIR3DL3*00206","","KIR2DL3*00101","","","","KIR2DP1*00201+KIR2DP1*00203","KIR2DL1*00302","KIR2DL4*00102+KIR2DL4*00802","KIR3DL1*002+KIR3DL1*00401","","","KIR2DS4*00101+KIR2DS4*006","KIR3DL2*00201+KIR3DL2*00501"
"IND00175","KIR3DL3*00101+KIR3DL3*044","","KIR2DL3*00101","","","","KIR2DP1*00201","new","KIR2DL4*00102","KIR3DL1*002","","KIR2DS1*002","KIR2DS4*00101","KIR3DL2*00201+KIR3DL2*015"
"IND00176","KIR3DL3*00901","","KIR2DL3*00101+KIR2DL3*030","","","","KIR2DP1*00201+KIR2DP1*00203","KIR2DL1*00302","KIR2DL4*00102","KIR3DL1*002+KIR3DL1*01502","","","KIR2DS4*00101","KIR3DL2*00201"
"IND00177","KIR3DL3*00101","","KIR2DL3*00101+KIR2DL3*00201","KIR2DL5B*00201+KIR2DL5A*00101","KIR2DS3*00103+KIR2DS3*00201","","KIR2DP1*00201+KIR2DP1*00102","KIR2DL1*008+KIR2DL1*00401","KIR2DL4*00802+KIR2DL4*00501","KIR3DL1*00401","KIR3DS1*01301","KIR2DS1*002","KIR2DS4*006","KIR3DL2*00501+KIR3DL2*00701"
"IND00178","KIR3DL3*00202+KIR3DL3*02701","","new","","","","KIR2DP1*00301+KIR2DP1*016","KIR2DL1*00302+KIR2DL1*001","KIR2DL4*00103+KIR2DL4*00801","new","new","","KIR2DS4*00101+KIR2DS4*003","new"
"IND00179","new","","KIR2DL3*00201","KIR2DL5A*00101","","KIR2DS5*00201","KIR2DP1*00301+KIR2DP1*004","KIR2DL1*00201","KIR2DL4*00802+KIR2DL4*00501","KIR3DL1*00401","KIR3DS1*049N","KIR2DS1*002","KIR2DS4*006","KIR3DL2*00501+KIR3DL2*00701"
"IND00180","KIR3DL3*00301+KIR3DL3*00801","KIR2DS2*001","KIR2DL2*00301+KIR2DL3*00101","","","","KIR2DP1*002","KIR2DL1*00302","KIR2DL4*00102+KIR2DL4*00802","KIR3DL1*002+KIR3DL1*00401","","","KIR2DS4*00101+KIR2DS4*006","KIR3DL2*00202+KIR3DL2*062"
"IND00181","KIR3DL3*02701+KIR3DL3*031","","KIR2DL3*00501","","","","KIR2DP1*016","KIR2DL1*001","KIR2DL4*00802+KIR2DL4*011","KIR3DL1*00401+KIR3DL1*00501","","","KIR2DS4*003+KIR2DS4*010","KIR3DL2*00301+KIR3DL2*023"
"IND00182","KIR3DL3*00103+KIR3DL3*017","","KIR2DL3*00201","KIR2DL5A*00501","KIR2DS3*003N","","KIR2DP1*00301","KIR2DL1*00201","KIR2DL4*00501+KIR2DL4*011","KIR3DL1*00501","KIR3DS1*01301","KIR2DS1*002","KIR2DS4*010","KIR3DL2*00701+KIR3DL2*00103"
"IND00183","KIR3DL3*01302","","KIR2DL3*00101+KIR2DL3*00201","KIR2DL5A*00101","","KIR2DS5*00201","KIR2DP1*00201+KIR2DP1*00301","KIR2DL1*00302+KIR2DL1*00201","KIR2DL4*00102+KIR2DL4*00501","KIR3DL1*01502","KIR3DS1*01301","KIR2DS1*002","KIR2DS4*00101","KIR3DL2*00201+KIR3DL2*00701"
"IND00184","KIR3DL3*00901+KIR3DL3*00202","","KIR2DL3*00101","","","","KIR2DP1*00203+KIR2DP1*002","KIR2DL1*00302","KIR2DL4*011","KIR3DL1*00501","","","KIR2DS4*010","KIR3DL2*00103"
"IND00185","KIR3DL3*00101+KIR3DL3*041","","KIR2DL3*00201+KIR2DL3*00501","","","","new","KIR2DL1*00201+KIR2DL1*001","KIR2DL4*00801+KIR2DL4*00802","KIR3DL1*00101+KIR3DL1*00401","","","KIR2DS4*003+KIR2DS4*006","KIR3DL2*00101+KIR3DL2*00501"
"IND00186","KIR3DL3*030+KIR3DL3*01102","","KIR2DL3*00101","","","","KIR2DP1*00201+KIR2DP1*002","KIR2DL1*00302","KIR2DL4*00103+KIR2DL4*00102","KIR3DL1*008+KIR3DL1*01502","","","KIR2DS4*003+KIR2DS4*00101","KIR3DL2*00901+KIR3DL2*00201"
"IND00188","KIR3DL3*01501+KIR3DL3*00101","","KIR2DL3*00101+KIR2DL3*00201","","","","KIR2DP1*00201+KIR2DP1*00301","KIR2DL1*00302+KIR2DL1*00201","KIR2DL4*00801+KIR2DL4*011","KIR3DL1*00101+KIR3DL1*053","","","KIR2DS4*003+KIR2DS4*010","KIR3DL2*00101+KIR3DL2*010"
"IND00189","new","KIR2DS2*001","KIR2DL2*00101+KIR2DL3*00101","KIR2DL5B*00201+KIR2DL5A*00101","KIR2DS3*00103","KIR2DS5*00201","KIR2DP1*00401+KIR2DP1*00302","KIR2DL1*00401+KIR2DL1*00302","KIR2DL4*00501","","KIR3DS1*01301","KIR2DS1*002","","KIR3DL2*00701"
"IND00190","KIR3DL3*01307+KIR3DL3*019","","KIR2DL3*00201","KIR2DL5A*00101","KIR2DS3*00201","","KIR2DP1*00301","KIR2DL1*00201","KIR2DL4*00802+KIR2DL4*00501","KIR3DL1*00401","KIR3DS1*01301","KIR2DS1*002","KIR2DS4*006","KIR3DL2*00501+KIR3DL2*00701"
"IND00191","KIR3DL3*00102+KIR3DL3*01307","","KIR2DL3*00201","KIR2DL5A*00101","","KIR2DS5*00201","KIR2DP1*00301","KIR2DL1*00201","KIR2DL4*00801+KIR2DL4*00501","KIR3DL1*00101","KIR3DS1*01301","KIR2DS1*002","KIR2DS4*003","KIR3DL2*00101+KIR3DL2*00701"
"IND00192","KIR3DL3*00301+KIR3DL3*007","KIR2DS2*001","KIR2DL2*00301","","","","","","KIR2DL4*00801+KIR2DL4*011","KIR3DL1*00101+KIR3DL1*00501","","","KIR2DS4*003+KIR2DS4*010","KIR3DL2*00101+KIR3DL2*00103"
"IND00193","KIR3DL3*00101","","KIR2DL3*00101+KIR2DL3*00201","","","","KIR2DP1*00201+KIR2DP1*00301","KIR2DL1*00302+KIR2DL1*008","KIR2DL4*00102+KIR2DL4*011","KIR3DL1*002+KIR3DL1*00501","","","KIR2DS4*00101+KIR2DS4*010","KIR3DL2*00201+KIR3DL2*010"
"IND00195","KIR3DL3*00301+KIR3DL3*00101","KIR2DS2*001","KIR2DL2*00101+KIR2DL3*00201","KIR2DL5B*00201+KIR2DL5A*00501","KIR2DS3*00103+KIR2DS3*00201","","KIR2DP1*00102+KIR2DP1*00301","KIR2DL1*00401+KIR2DL1*00201","KIR2DL4*00102+KIR2DL4*00501","KIR3DL1*002","KIR3DS1*01301","KIR2DS1*002","KIR2DS4*00101","KIR3DL2*00201+KIR3DL2*00701"
"IND00196","KIR3DL3*01502+KIR3DL3*00101","","KIR2DL3*00101","KIR2DL5A*00101","","KIR2DS5*00201","KIR2DP1*00201+KIR2DP1*00301","KIR2DL1*00302","KIR2DL4*00103+KIR2DL4*00501","KIR3DL1*01502","KIR3DS1*01301","KIR2DS1*002","KIR2DS4*00101","KIR3DL2*00103+KIR3DL2*00701"
"IND00197","KIR3DL3*00901+KIR3DL3*00206","","KIR2DL3*00101","","","","KIR2DP1*00203","KIR2DL1*00302","KIR2DL4*00103+KIR2DL4*011","KIR3DL1*008+KIR3DL1*00501","","","KIR2DS4*003+KIR2DS4*010","KIR3DL2*00901+KIR3DL2*00103"
"IND00198","KIR3DL3*00101+KIR3DL3*00801","","KIR2DL3*00101+KIR2DL3*00201","","","","KIR2DP1*00201+KIR2DP1*00301","KIR2DL1*00302+KIR2DL1*00201","KIR2DL4*00102+KIR2DL4*00103+KIR2DL4*00501","KIR3DL1*002+KIR3DL1*020","KIR3DS1*01301","","KIR2DS4*00101","KIR3DL2*00201+KIR3DL2*00902"
"IND00199","KIR3DL3*00301+KIR3DL3*01402","KIR2DS2*001","KIR2DL2*00101","KIR2DL5B*00201","KIR2DS3*00103","","KIR2DP1*00102","KIR2DL1*007","KIR2DL4*00103+KIR2DL4*010","KIR3DL1*008+KIR3DL1*033","","","KIR2DS4*003+KIR2DS4*004","KIR3DL2*00901+KIR3DL2*008"
"IND00200","KIR3DL3*007+KIR3DL3*00202","KIR2DS2*001","KIR2DL2*00301+KIR2DL3*00101","","","","KIR2DP1*002 KIR2DP1*008","KIR2DL1*00302","KIR2DL4*00102+KIR2DL4*00802","KIR3DL1*002+KIR3DL1*019","","","KIR2DS4*00101+KIR2DS4*006","KIR3DL2*00202+KIR3DL2*00701"
"IND00201","new","KIR2DS2*001","KIR2DL2*00101+KIR2DL3*00110","","","","KIR2DP1*00301","KIR2DL1*00302","KIR2DL4*00602+KIR2DL4*011","KIR3DL1*00701+KIR3DL1*00501","","","KIR2DS4*004+KIR2DS4*010","KIR3DL2*008+KIR3DL2*010"
"IND00202","KIR3DL3*01302+KIR3DL3*031","","KIR2DL3*00201+KIR2DL3*00501","","","","KIR2DP1*00301+KIR2DP1*016","KIR2DL1*00201+KIR2DL1*001","KIR2DL4*00102+KIR2DL4*00802","KIR3DL1*002+KIR3DL1*00401","","","KIR2DS4*00101+KIR2DS4*006","KIR3DL2*00201+KIR3DL2*00501"
"IND00203","KIR3DL3*00301+KIR3DL3*045","KIR2DS2*001","KIR2DL2*00101","KIR2DL5B*00201+KIR2DL5A*00501","KIR2DS3*00103+KIR2DS3*00201","","KIR2DP1*00102","KIR2DL1*00401","KIR2DL4*00802+KIR2DL4*00501","KIR3DL1*00401","KIR3DS1*01301","KIR2DS1*002","KIR2DS4*006","new"
"IND00204","KIR3DL3*00301+KIR3DL3*00101","KIR2DS2*001","KIR2DL2*00301+KIR2DL3*00201","KIR2DL5A*00101","","KIR2DS5*00201","KIR2DP1*00301","KIR2DL1*00201","KIR2DL4*00802+KIR2DL4*00501","KIR3DL1*00401","KIR3DS1*01301","KIR2DS1*002","KIR2DS4*006","new"
"IND00205","KIR3DL3*007+KIR3DL3*00101","KIR2DS2*001","new","","","","KIR2DP1*00301","KIR2DL1*00201","KIR2DL4*00801+KIR2DL4*00802","KIR3DL1*00101+KIR3DL1*00401","","","KIR2DS4*003+KIR2DS4*006","KIR3DL2*01101+KIR3DL2*00501"
"IND00206","KIR3DL3*00301+KIR3DL3*01303","KIR2DS2*001","KIR2DL2*00301+KIR2DL3*00101","","","","KIR2DP1*00201","KIR2DL1*00302","KIR2DL4*00103+KIR2DL4*00102","KIR3DL1*020+KIR3DL1*002","","","KIR2DS4*00101","KIR3DL2*00902+KIR3DL2*00201"
"IND00207","KIR3DL3*00301+KIR3DL3*00202","KIR2DS2*001","KIR2DL2*00101+KIR2DL3*00101","KIR2DL5B*00201","KIR2DS3*00103","","KIR2DP1*00102+KIR2DP1*002","KIR2DL1*00401+KIR2DL1*00302","KIR2DL4*00801+KIR2DL4*011","KIR3DL1*00101+KIR3DL1*00501","","","KIR2DS4*003+KIR2DS4*010","KIR3DL2*00101+KIR3DL2*010"
"IND00208","KIR3DL3*00101+KIR3DL3*00801","","KIR2DL3*00101+KIR2DL3*00201","KIR2DL5A*00101","","KIR2DS5*00201","KIR2DP1*002+KIR2DP1*00301","KIR2DL1*00302+KIR2DL1*00201","KIR2DL4*00801+KIR2DL4*00501","KIR3DL1*009","KIR3DS1*01301","KIR2DS1*002","KIR2DS4*003","KIR3DL2*01101+KIR3DL2*00701"
"IND00209","KIR3DL3*00202","","KIR2DL3*00101","","","","KIR2DP1*00201+KIR2DP1*002","KIR2DL1*00302","KIR2DL4*00801+KIR2DL4*00802","KIR3DL1*00101+KIR3DL1*019","","","KIR2DS4*003+KIR2DS4*006","KIR3DL2*00101+KIR3DL2*00501"
"IND00210","KIR3DL3*00101+KIR3DL3*00901","","KIR2DL3*00101","","","","KIR2DP1*00201+KIR2DP1*00301","KIR2DL1*00302","KIR2DL4*00103+KIR2DL4*00801","KIR3DL1*008+KIR3DL1*00101","","","KIR2DS4*003","KIR3DL2*00901+KIR3DL2*00101"
"IND00211","KIR3DL3*01404+KIR3DL3*00206","KIR2DS2*001","new","KIR2DL5B*00201+KIR2DL5A*00501","KIR2DS3*00103+KIR2DS3*00201","","KIR2DP1*00102+KIR2DP1*008","KIR2DL1*00401+KIR2DL1*00302","KIR2DL4*00501+KIR2DL4*011","KIR3DL1*00501","KIR3DS1*01301","KIR2DS1*002","KIR2DS4*010","KIR3DL2*00701+KIR3DL2*00103"
"IND00212","KIR3DL3*00902+KIR3DL3*019","","KIR2DL3*00101+KIR2DL3*00201","","","","KIR2DP1*00201+KIR2DP1*00301","KIR2DL1*00302+KIR2DL1*00201","KIR2DL4*00802","KIR3DL1*00401","","","KIR2DS4*006","KIR3DL2*00501"
"IND00213","KIR3DL3*00301+KIR3DL3*00901","KIR2DS2*001","KIR2DL2*00101+KIR2DL3*00101","KIR2DL5B*00201+KIR2DL5A*00501","KIR2DS3*00103","KIR2DS5*00201","KIR2DP1*00102+KIR2DP1*00201","KIR2DL1*00403+KIR2DL1*00302","KIR2DL4*00501+KIR2DL4*011","KIR3DL1*053","KIR3DS1*01301","KIR2DS1*002","KIR2DS4*010","KIR3DL2*00701+KIR3DL2*010"
"IND00214","KIR3DL3*00301+KIR3DL3*02701","KIR2DS2*001","KIR2DL2*00101+KIR2DL3*00501","KIR2DL5B*00201+KIR2DL5A*00101","KIR2DS3*00103","KIR2DS5*00201","KIR2DP1*00102+KIR2DP1*016","KIR2DL1*00401+KIR2DL1*001","KIR2DL4*00801+KIR2DL4*00501","KIR3DL1*009","KIR3DS1*01301","KIR2DS1*002","KIR2DS4*003","KIR3DL2*01101+KIR3DL2*00701"
"IND00215","KIR3DL3*00101+KIR3DL3*01001","","KIR2DL3*00101+KIR2DL3*00201","KIR2DL5A*00101+KIR2DL5A*00102","","KIR2DS5*00201","KIR2DP1*00201+KIR2DP1*00301","KIR2DL1*00302+KIR2DL1*00201","KIR2DL4*00501","","KIR3DS1*01301","KIR2DS1*002","","KIR3DL2*00701"
"IND00216","KIR3DL3*00402+KIR3DL3*00902","KIR2DS2*001","KIR2DL2*00101+KIR2DL3*00101","KIR2DL5B*00201","KIR2DS3*00103","","KIR2DP1*00401+KIR2DP1*00302","KIR2DL1*00401+KIR2DL1*00302","KIR2DL4*00102+KIR2DL4*00602","KIR3DL1*01502+KIR3DL1*00701","","","KIR2DS4*00101+KIR2DS4*004","KIR3DL2*00201+KIR3DL2*008"
"IND00217","KIR3DL3*00301+KIR3DL3*00103","KIR2DS2*001","KIR2DL2*00101+KIR2DL3*00201","KIR2DL5B*00201+KIR2DL5A*00101","KIR2DS3*00103","KIR2DS5*00201","KIR2DP1*00102+KIR2DP1*004","KIR2DL1*00401+KIR2DL1*00201","KIR2DL4*00802+KIR2DL4*00501","KIR3DL1*00401","KIR3DS1*049N","KIR2DS1*002","KIR2DS4*006","KIR3DL2*00301+KIR3DL2*00701"
"IND00218","KIR3DL3*00402+KIR3DL3*01304","KIR2DS2*001","KIR2DL2*00301+KIR2DL3*00201","KIR2DL5A*00501","KIR2DS3*00201","","KIR2DP1*00301","KIR2DL1*00201","KIR2DL4*00801+KIR2DL4*00501","KIR3DL1*00101","KIR3DS1*01301","KIR2DS1*002","KIR2DS4*003","KIR3DL2*01101+KIR3DL2*00701"
"IND00219","KIR3DL3*007+KIR3DL3*02703","KIR2DS2*001","KIR2DL2*00301+KIR2DL3*00501","KIR2DL5A*00101","","KIR2DS5*00201","KIR2DP1*016","KIR2DL1*001","KIR2DL4*00102+KIR2DL4*00501","KIR3DL1*002","KIR3DS1*01301","KIR2DS1*002","KIR2DS4*00101","KIR3DL2*00201+KIR3DL2*00701"
"IND00220","KIR3DL3*00402+KIR3DL3*017","KIR2DS2*001","KIR2DL2*00101+KIR2DL3*00201","KIR2DL5B*00201","KIR2DS3*00103","","KIR2DP1*00102+KIR2DP1*00301","new","KIR2DL4*00102+KIR2DL4*011","KIR3DL1*01502+KIR3DL1*00501","","","KIR2DS4*00101+KIR2DS4*010","KIR3DL2*00201+KIR3DL2*00103"
"IND00221","KIR3DL3*01302+KIR3DL3*01001","","KIR2DL3*00201+KIR2DL3*00110","KIR2DL5A*00101","","KIR2DS5*00201","KIR2DP1*00301+KIR2DP1*00201","KIR2DL1*00201+KIR2DL1*00302","KIR2DL4*00802+KIR2DL4*00501","KIR3DL1*00401","KIR3DS1*01301","KIR2DS1*002","KIR2DS4*006","KIR3DL2*00301+KIR3DL2*00701"
"IND00222","KIR3DL3*00207+KIR3DL3*00206","","KIR2DL3*00101","KIR2DL5A*00101+KIR2DL5A*00501","KIR2DS3*00201","KIR2DS5*00201","KIR2DP1*00203+KIR2DP1*00301","KIR2DL1*00302","KIR2DL4*00501","","KIR3DS1*01301","KIR2DS1*002","","KIR3DL2*00701"
"IND00223","KIR3DL3*00101+KIR3DL3*01001","","KIR2DL3*00101+KIR2DL3*00201","KIR2DL5A*00101","","KIR2DS5*00201","KIR2DP1*00201+KIR2DP1*00301","KIR2DL1*00302+KIR2DL1*00201","KIR2DL4*00501","","KIR3DS1*01301","KIR2DS1*006+KIR2DS1*002","","KIR3DL2*00701"
"IND00224","KIR3DL3*00301+KIR3DL3*00801","KIR2DS2*001","KIR2DL2*00301+KIR2DL3*00101","KIR2DL5A*00101","","KIR2DS5*00201","KIR2DP1*00201","KIR2DL1*00302","KIR2DL4*00501+KIR2DL4*011","KIR3DL1*053","KIR3DS1*01301","KIR2DS1*002","KIR2DS4*010","KIR3DL2*00701+KIR3DL2*010"
"IND00225","KIR3DL3*00301+KIR3DL3*00402","KIR2DS2*001","KIR2DL2*00301","","","","","","KIR2DL4*00102","KIR3DL1*002+KIR3DL1*01502","","","KIR2DS4*00101","KIR3DL2*00201"
"IND00226","KIR3DL3*00901+KIR3DL3*019","","KIR2DL3*00101+KIR2DL3*00201","KIR2DL5A*00101+KIR2DL5A*00102","","KIR2DS5*00201","KIR2DP1*017+KIR2DP1*00301","KIR2DL1*00302+KIR2DL1*00201","KIR2DL4*00501","","KIR3DS1*01301","KIR2DS1*002","","new"
"IND00227","KIR3DL3*00902+KIR3DL3*01302","","KIR2DL3*00201+KIR2DL3*00110","KIR2DL5A*00101","","KIR2DS5*00201","KIR2DP1*00301+KIR2DP1*00201","KIR2DL1*00201+KIR2DL1*00302","KIR2DL4*00801+KIR2DL4*00501","KIR3DL1*00101","KIR3DS1*01301","KIR2DS1*006","KIR2DS4*003","KIR3DL2*01101+KIR3DL2*00701"
"IND00228","KIR3DL3*00101+KIR3DL3*01303","","KIR2DL3*00101","","","","KIR2DP1*00201","KIR2DL1*00302","KIR2DL4*00103+KIR2DL4*011","KIR3DL1*020+KIR3DL1*00501","","","KIR2DS4*00101+KIR2DS4*010","KIR3DL2*00902+KIR3DL2*00103"
"IND00229","KIR3DL3*00207+KIR3DL3*01001","","KIR2DL3*00101","KIR2DL5B*00201+KIR2DL5A*00101","KIR2DS3*00103","KIR2DS5*00201","KIR2DP1*00201+KIR2DP1*00102","KIR2DL1*00302+KIR2DL1*00401","KIR2DL4*0011+KIR2DL4*00501","KIR3DL1*00501","KIR3DS1*01301","KIR2DS1*002","KIR2DS4*010","KIR3DL2*010+KIR3DL2*00701"
"IND00230","KIR3DL3*00101+KIR3DL3*00206","","KIR2DL3*00101+KIR2DL3*00201","KIR2DL5A*00101","","KIR2DS5*00201","KIR2DP1*00203+KIR2DP1*00301","KIR2DL1*00302+KIR2DL1*00201","KIR2DL4*00802+KIR2DL4*00501","KIR3DL1*00401","KIR3DS1*01301","KIR2DS1*002","KIR2DS4*006","KIR3DL2*00501+KIR3DL2*00701"
"IND00231","KIR3DL3*00301+KIR3DL3*00101","KIR2DS2*001","KIR2DL2*00101+KIR2DL3*00201","KIR2DL5B*00201+KIR2DL5A*00501","KIR2DS3*00103+KIR2DS3*00201","","KIR2DP1*00102+KIR2DP1*00301","KIR2DL1*00401+KIR2DL1*00201","KIR2DL4*00802+KIR2DL4*00501","KIR3DL1*00401","KIR3DS1*01301","KIR2DS1*002","KIR2DS4*006","KIR3DL2*00501+KIR3DL2*00701"
"IND00232","KIR3DL3*00601+KIR3DL3*00901","","KIR2DL3*00101+KIR2DL3*00201","","","","KIR2DP1*00201+KIR2DP1*00301","KIR2DL1*00302+KIR2DL1*00201","KIR2DL4*00102+KIR2DL4*00802","KIR3DL1*002+KIR3DL1*00401","","","KIR2DS4*00101+KIR2DS4*006","KIR3DL2*00201+KIR3DL2*00501"
"IND00233","KIR3DL3*00301+KIR3DL3*01303","KIR2DS2*001","KIR2DL2*00101+KIR2DL3*00101","KIR2DL5B*00201+KIR2DL5A*00101","KIR2DS3*00103","KIR2DS5*00201","KIR2DP1*012+KIR2DP1*00201","KIR2DL1*00401+KIR2DL1*00302","KIR2DL4*00602+KIR2DL4*00501","KIR3DL1*00701","KIR3DS1*01301","KIR2DS1*002","KIR2DS4*004","KIR3DL2*008+KIR3DL2*018"
"IND00234","KIR3DL3*00102+KIR3DL3*017","","KIR2DL3*00201+KIR2DL3*015","","","","KIR2DP1*00301","KIR2DL1*00201","KIR2DL4*00801+KIR2DL4*011","KIR3DL1*00101+KIR3DL1*00501","","","KIR2DS4*003+KIR2DS4*010","KIR3DL2*00101+KIR3DL2*00103"
"IND00235","KIR3DL3*00301+KIR3DL3*017","KIR2DS2*001","KIR2DL2*00101+KIR2DL3*00201","KIR2DL5B*00201+KIR2DL5A*00501","KIR2DS3*00103+KIR2DS3*00201","","KIR2DP1*00102+KIR2DP1*00301","KIR2DL1*00401+KIR2DL1*00201","KIR2DL4*00501+KIR2DL4*011","KIR3DL1*00501","KIR3DS1*01301","KIR2DS1*002","KIR2DS4*010","KIR3DL2*00701+KIR3DL2*00103"
"IND00236","KIR3DL3*00901+KIR3DL3*02701","","KIR2DL3*00101+KIR2DL3*00501","","","","KIR2DP1*002+KIR2DP1*016","KIR2DL1*00302+KIR2DL1*001","KIR2DL4*00103+KIR2DL4*00801","KIR3DL1*008+KIR3DL1*00101","","","KIR2DS4*003","KIR3DL2*00901+KIR3DL2*00101"
"IND00237","KIR3DL3*00101+KIR3DL3*00901","","KIR2DL3*00101","","","","KIR2DP1*00201+KIR2DP1*00203","KIR2DL1*00302","KIR2DL4*00102+KIR2DL4*011","KIR3DL1*01502+KIR3DL1*00501","","","KIR2DS4*00101+KIR2DS4*010","KIR3DL2*00201+KIR3DL2*00103"
"IND00238","KIR3DL3*01302+KIR3DL3*017","","KIR2DL3*00101+KIR2DL3*00201","","","","KIR2DP1*00201+KIR2DP1*00301","KIR2DL1*00302+KIR2DL1*00201","KIR2DL4*00801","KIR3DL1*00101","","","KIR2DS4*003","KIR3DL2*00101"
"IND00239","KIR3DL3*01302+KIR3DL3*017","","KIR2DL3*00201","","","","KIR2DP1*00301","KIR2DL1*00201","KIR2DL4*00802+KIR2DL4*011","KIR3DL1*00401+KIR3DL1*00501","","","KIR2DS4*006+KIR2DS4*010","KIR3DL2*00101+KIR3DL2*00902"
"IND00240","KIR3DL3*00301+KIR3DL3*00207","KIR2DS2*001","KIR2DL2*00101+KIR2DL3*00101","KIR2DL5B*00201+KIR2DL5A*00101","KIR2DS3*00103","KIR2DS5*00201","KIR2DP1*00102+KIR2DP1*00201","KIR2DL1*00401+KIR2DL1*00302","KIR2DL4*00801+KIR2DL4*00501","KIR3DL1*00101","KIR3DS1*01301","KIR2DS1*002","KIR2DS4*003","KIR3DL2*00101+KIR3DL2*00701"
"IND00241","KIR3DL3*00901","","KIR2DL3*00101","","","","KIR2DP1*00201+KIR2DP1*002","KIR2DL1*00302","KIR2DL4*00102+KIR2DL4*011","KIR3DL1*002+KIR3DL1*00501","","","KIR2DS4*00101+KIR2DS4*010","KIR3DL2*00201+KIR3DL2*00103"
"IND00242","KIR3DL3*007","KIR2DS2*001","KIR2DL2*00301","","","","","","KIR2DL4*00102+KIR2DL4*00801","KIR3DL1*002+KIR3DL1*00101","","","KIR2DS4*00101+KIR2DS4*003","KIR3DL2*00201+KIR3DL2*00101"
"IND00243","KIR3DL3*00301+KIR3DL3*00202","KIR2DS2*001","KIR2DL2*00101+KIR2DL3*00101","KIR2DL5A*00101","","KIR2DS5*00201","KIR2DP1*017","KIR2DL1*00302","KIR2DL4*00801+KIR2DL4*011","KIR3DL1*00101","KIR3DS1*01301","KIR2DS1*002","KIR2DS4*003","KIR3DL2*00101+KIR3DL2*018"
"IND00244","KIR3DL3*00301+KIR3DL3*00901","KIR2DS2*001","KIR2DL2*00101+KIR2DL3*00101","KIR2DL5B*00201+KIR2DL5A*00101","KIR2DS3*00103","KIR2DS5*00201","KIR2DP1*00102+KIR2DP1*00203","KIR2DL1*00401+KIR2DL1*00302","KIR2DL4*00102+KIR2DL4*00501","KIR3DL1*002","KIR3DS1*01301","KIR2DS1*002","KIR2DS4*00101","KIR3DL2*00201+KIR3DL2*018"
"IND00245","KIR3DL3*00301+KIR3DL3*00101","KIR2DS2*001","KIR2DL2*00301+KIR2DL3*00101","","","","KIR2DP1*00201","KIR2DL1*00302","KIR2DL4*00102+KIR2DL4*00801","KIR3DL1*002+KIR3DL1*00101","","","KIR2DS4*00101+KIR2DS4*003","KIR3DL2*00201+KIR3DL2*00101"
"IND00246","KIR3DL3*00101+KIR3DL3*00901","","KIR2DL3*00101+KIR2DL3*00201","","","","KIR2DP1*002+KIR2DP1*00301","KIR2DL1*00302+KIR2DL1*00201","KIR2DL4*00103+KIR2DL4*00801","KIR3DL1*008+KIR3DL1*00101","","","KIR2DS4*003","KIR3DL2*00901+KIR3DL2*00101"
"IND00247","KIR3DL3*007+KIR3DL3*00201","KIR2DS2*001","KIR2DL2*00301+KIR2DL3*00101","KIR2DL5A*00101","","KIR2DS5*00201","KIR2DP1*002","new","KIR2DL4*00103+KIR2DL4*00501","KIR3DL1*008","KIR3DS1*01301","KIR2DS1*002","KIR2DS4*003","KIR3DL2*019+KIR3DL2*027"
"IND00248","KIR3DL3*020+KIR3DL3*01303","KIR2DS2*001","KIR2DL2*00301+KIR2DL3*00201","","","","KIR2DP1*00301","KIR2DL1*00201","KIR2DL4*00802+KIR2DL4*011","KIR3DL1*00401+KIR3DL1*00501","","","KIR2DS4*003+KIR2DS4*010","KIR3DL2*00301+KIR3DL2*023"
"IND00249","KIR3DL3*00301+KIR3DL3*017","KIR2DS2*001","KIR2DL2*00101+KIR2DL3*00201","KIR2DL5B*00201+KIR2DL5A*00501","KIR2DS3*00103+KIR2DS3*00201","","KIR2DP1*00102+KIR2DP1*00301","KIR2DL1*00401+KIR2DL1*00201","KIR2DL4*00501+KIR2DL4*011","KIR3DL1*00501","KIR3DS1*01301","KIR2DS1*002","KIR2DS4*010","KIR3DL2*00701+KIR3DL2*00103"
"IND00250","KIR3DL3*00301+KIR3DL3*01302","KIR2DS2*001","KIR2DL2*00101+KIR2DL3*00201","","","","KIR2DP1*00301","KIR2DL1*00201","KIR2DL4*00801+KIR2DL4*00802","KIR3DL1*00101+KIR3DL1*00402","","","KIR2DS4*003+KIR2DS4*006","KIR3DL2*00101+KIR3DL2*00301"
"IND00251","KIR3DL3*01001+KIR3DL3*017","","KIR2DL3*00101+KIR2DL3*00201","KIR2DL5A*00101","","KIR2DS5*00201","KIR2DP1*00201+KIR2DP1*00301","KIR2DL1*00302+KIR2DL1*00201","KIR2DL4*00801+KIR2DL4*00501","KIR3DL1*00101","KIR3DS1*01301","KIR2DS1*002","KIR2DS4*003","KIR3DL2*01101+KIR3DL2*00701"
"IND00252","KIR3DL3*01402+KIR3DL3*02701","KIR2DS2*001","KIR2DL2*00101+KIR2DL3*00501","","","","KIR2DP1*016","KIR2DL1*001","KIR2DL4*00102+KIR2DL4*00801","KIR3DL1*01502+KIR3DL1*00101","","","KIR2DS4*00101+KIR2DS4*003","KIR3DL2*00201+KIR3DL2*01101"
"IND00253","KIR3DL3*00301+KIR3DL3*00101","KIR2DS2*001","KIR2DL2*00301+KIR2DL3*00201","","","","KIR2DP1*00301","KIR2DL1*00201","KIR2DL4*00801+KIR2DL4*00802","KIR3DL1*00101+KIR3DL1*00401","","","KIR2DS4*003+KIR2DS4*006","new"
"IND00254","KIR3DL3*007+KIR3DL3*00101","KIR2DS2*001","KIR2DL2*00301+KIR2DL3*00201","","","","KIR2DP1*00301","KIR2DL1*00201","KIR2DL4*00801+KIR2DL4*00802","KIR3DL1*00101+KIR3DL1*00401","","","KIR2DS4*003+KIR2DS4*006","KIR3DL2*00101+KIR3DL2*00501"
"IND00255","KIR3DL3*00302+KIR3DL3*00206","","new","","","","KIR2DP1*00203","new","KIR2DL4*00103+KIR2DL4*011","KIR3DL1*020+KIR3DL1*00501","","","KIR2DS4*00101+KIR2DS4*010","KIR3DL2*00902+KIR3DL2*00103"
"IND00256","KIR3DL3*00301+KIR3DL3*00901","KIR2DS2*001","KIR2DL2*00101+KIR2DL3*00101","KIR2DL5B*00201+KIR2DL5A*00101","KIR2DS3*00103","KIR2DS5*00201","KIR2DP1*00102+KIR2DP1*002","KIR2DL1*00401+KIR2DL1*00302","KIR2DL4*00801+KIR2DL4*00501","KIR3DL1*00101","KIR3DS1*01301","KIR2DS1*002","KIR2DS4*003","KIR3DL2*00101+KIR3DL2*00701"
"IND00257","KIR3DL3*00402+KIR3DL3*01502","","KIR2DL2*00602+KIR2DL3*00101","KIR2DL5B*00601","","KIR2DS5*007","KIR2DP1*010+KIR2DP1*002","KIR2DL1*00401+KIR2DL1*00302","KIR2DL4*00801+KIR2DL4*00602","KIR3DL1*00101+KIR3DL1*00701","","","KIR2DS4*003+KIR2DS4*004","new"
"IND00258","KIR3DL3*00101+KIR3DL3*00402","KIR2DS2*001","new","","","","KIR2DP1*00301","KIR2DL1*00201","KIR2DL4*00102+KIR2DL4*00802","KIR3DL1*002+KIR3DL1*00401","","","KIR2DS4*00101+KIR2DS4*006","KIR3DL2*00201+KIR3DL2*00501"
"IND00259","KIR3DL3*00301+KIR3DL3*007","KIR2DS2*001","KIR2DL2*00301+KIR2DL2*00101","KIR2DL5B*00201","KIR2DS3*00103","","KIR2DP1*00102","KIR2DL1*00401","KIR2DL4*00102+KIR2DL4*011","KIR3DL1*01502+KIR3DL1*00501","","","KIR2DS4*00101+KIR2DS4*010","KIR3DL2*00201+KIR3DL2*00103"
"IND00260","KIR3DL3*00902+KIR3DL3*01302","","KIR2DL3*00101","KIR2DL5A*00101","","KIR2DS5*00201","KIR2DP1*00201","KIR2DL1*00302","KIR2DL4*00102+KIR2DL4*00501","KIR3DL1*01502","KIR3DS1*01301","KIR2DS1*002","KIR2DS4*00101","KIR3DL2*00201+KIR3DL2*00701"
"IND00261","new","","KIR2DL3*00101+KIR2DL3*00201","KIR2DL5A*00101","","KIR2DS5*00201","KIR2DP1*00201+KIR2DP1*00301","new","KIR2DL4*00102+KIR2DL4*00501","KIR3DL1*002","KIR3DS1*01301","KIR2DS1*002","KIR2DS4*00101","KIR3DL2*00201+KIR3DL2*00701"
"IND00262","KIR3DL3*00101+KIR3DL3*01001","","KIR2DL3*00201+KIR2DL3*00110","","","","KIR2DP1*00301+KIR2DP1*00201","KIR2DL1*00201+KIR2DL1*00302","KIR2DL4*00102+KIR2DL4*00802","KIR3DL1*002+KIR3DL1*00401","","","KIR2DS4*00101+KIR2DS4*006","KIR3DL2*00201+KIR3DL2*00301"
"IND00263","KIR3DL3*01302+KIR3DL3*00801","","KIR2DL3*00101+KIR2DL3*00201","","","","KIR2DP1*002+KIR2DP1*00301","KIR2DL1*00302+KIR2DL1*00201","KIR2DL4*00801+KIR2DL4*00602","KIR3DL1*00101+KIR3DL1*00701","","","KIR2DS4*003+KIR2DS4*004","KIR3DL2*00101+KIR3DL2*008"
"IND00264","KIR3DL3*00206+KIR3DL3*00202","","KIR2DL3*00101","","","","KIR2DP1*00203+KIR2DP1*002","KIR2DL1*00302","KIR2DL4*00102+KIR2DL4*00801","KIR3DL1*01502+KIR3DL1*00101","","","KIR2DS4*00101+KIR2DS4*003","KIR3DL2*00201+KIR3DL2*00101"
"IND00265","KIR3DL3*00301+KIR3DL3*01302","KIR2DS2*001","KIR2DL2*00101+KIR2DL3*00201","KIR2DL5B*00201","KIR2DS3*00103","","KIR2DP1*00102+KIR2DP1*00301","KIR2DL1*00401+KIR2DL1*00201","KIR2DL4*00801+KIR2DL4*00802+KIR2DL4*00501","KIR3DL1*002+KIR3DL1*00401","KIR3DS1*01301","","KIR2DS4*00101+KIR2DS4*006","KIR3DL2*00201+KIR3DL2*00501"
"IND00266","KIR3DL3*00301+KIR3DL3*02501","KIR2DS2*001","KIR2DL2*00301+KIR2DL3*00501","","","","KIR2DP1*016","KIR2DL1*001","KIR2DL4*00102","KIR3DL1*002","","","KIR2DS4*00101","KIR3DL2*00201"
"IND00267","KIR3DL3*00101+KIR3DL3*00901","","KIR2DL3*00101+KIR2DL3*00201","KIR2DL5A*00101","","KIR2DS5*00201","KIR2DP1*00201+KIR2DP1*00301","KIR2DL1*00302+KIR2DL1*00201","KIR2DL4*00501+KIR2DL4*011","KIR3DL1*00501","KIR3DS1*01301","KIR2DS1*002","KIR2DS4*010","KIR3DL2*00701+KIR3DL2*00103"
"IND00268","KIR3DL3*00301+KIR3DL3*01402","KIR2DS2*001","KIR2DL2*00101","KIR2DL5B*00201+KIR2DL5A*00101","KIR2DS3*00103","KIR2DS5*00201","KIR2DP1*00102","KIR2DL1*00401","KIR2DL4*00501","","KIR3DS1*01301","KIR2DS1*002","","KIR3DL2*00701"
"IND00269","KIR3DL3*007+KIR3DL3*00102","KIR2DS2*001","KIR2DL2*00301+KIR2DL3*00201","","","","KIR2DP1*00301","KIR2DL1*00201","KIR2DL4*00102+KIR2DL4*00802","KIR3DL1*01502+KIR3DL1*00401","","","KIR2DS4*00101+KIR2DS4*006","KIR3DL2*00201+KIR3DL2*00501"
"IND00270","KIR3DL3*01405+KIR3DL3*00101","KIR2DS2*001","KIR2DL2*00301+KIR2DL3*00101 KIR2DL2*009+KIR2DL3*00101","","","","KIR2DP1*00201","KIR2DL1*00302","KIR2DL4*00801+KIR2DL4*011","KIR3DL1*00101+KIR3DL1*00501","","","KIR2DS4*003+KIR2DS4*010","new"
"IND00272","KIR3DL3*00402+KIR3DL3*041","KIR2DS2*001","KIR2DL2*00101+KIR2DL3*00501","KIR2DL5B*00201","KIR2DS3*00103","","KIR2DP1*00102+KIR2DP1*016","KIR2DL1*007+KIR2DL1*001","KIR2DL4*00102+KIR2DL4*00602","KIR3DL1*002+KIR3DL1*00701","","","KIR2DS4*00101+KIR2DS4*004","KIR3DL2*00201+KIR3DL2*008"
"IND00273","KIR3DL3*00601+KIR3DL3*00206","","KIR2DL3*00101+KIR2DL3*00201","","","","KIR2DP1*008+KIR2DP1*00301","KIR2DL1*00302+KIR2DL1*00201","KIR2DL4*00901+KIR2DL4*00802","KIR3DL1*00101+KIR3DL1*00401","","","KIR2DS4*003+KIR2DS4*006","KIR3DL2*01101+KIR3DL2*00301"
"IND00274","KIR3DL3*01303+KIR3DL3*01309","","KIR2DL3*00101","","","","KIR2DP1*00201","KIR2DL1*00302","KIR2DL4*00102+KIR2DL4*00802","KIR3DL1*01502+KIR3DL1*00401","","","KIR2DS4*00101+KIR2DS4*006","KIR3DL2*00201+KIR3DL2*00301"
"IND00275","KIR3DL3*00301+KIR3DL3*00202","KIR2DS2*001","KIR2DL2*00301+KIR2DL3*00101","KIR2DL5A*00101","","KIR2DS5*00201","KIR2DP1*00201","KIR2DL1*00302","KIR2DL4*00802+KIR2DL4*00501","KIR3DL1*00402","KIR3DS1*01301","KIR2DS1*002","KIR2DS4*006","KIR3DL2*00301+KIR3DL2*018"
"IND00276","KIR3DL3*00301+KIR3DL3*00101","KIR2DS2*001","KIR2DL2*00101+KIR2DL3*00101","KIR2DL5B*00201","KIR2DS3*00103","","KIR2DP1*00102+KIR2DP1*00201","KIR2DL1*007+KIR2DL1*00302","KIR2DL4*00102+KIR2DL4*00602","KIR3DL1*01502+KIR3DL1*00701","","","KIR2DS4*00101+KIR2DS4*004","KIR3DL2*00201+KIR3DL2*008"
"IND00277","KIR3DL3*01402+KIR3DL3*00206","KIR2DS2*001","KIR2DL2*00101+KIR2DL3*00101","KIR2DL5A*00501","KIR2DS3*00103","","KIR2DP1*00102+KIR2DP1*00203","KIR2DL1*00401+KIR2DL1*00302","KIR2DL4*0011+KIR2DL4*00501+KIR2DL4*00802","KIR3DL1*00401+KIR3DL1*00501","KIR3DS1*01301","KIR2DS1*002","KIR2DS4*003+KIR2DS4*010","KIR3DL2*00301+KIR3DL2*023"
"IND00278","KIR3DL3*00101+KIR3DL3*01102","","KIR2DL3*00101","","","","KIR2DP1*00201","KIR2DL1*00302","KIR2DL4*00801+KIR2DL4*00802","KIR3DL1*00101+KIR3DL1*00402","","","KIR2DS4*003+KIR2DS4*006","KIR3DL2*00101+KIR3DL2*00301"
"IND00279","new","","KIR2DL3*00101+KIR2DL3*00201","","","","KIR2DP1*00201+KIR2DP1*00301","new","KIR2DL4*00102+KIR2DL4*00801","KIR3DL1*002+KIR3DL1*00101","","","KIR2DS4*00101+KIR2DS4*003","KIR3DL2*00201+KIR3DL2*01101"
"IND00280","KIR3DL3*007+KIR3DL3*00102","KIR2DS2*001","KIR2DL2*00301+KIR2DL3*00201","KIR2DL5A*00101","","KIR2DS5*00201","KIR2DP1*00301","KIR2DL1*00201","KIR2DL4*00102+KIR2DL4*00501","KIR3DL1*002","KIR3DS1*01301","KIR2DS1*002","KIR2DS4*00101","KIR3DL2*00201+KIR3DL2*00701"
"IND00281","KIR3DL3*00101+KIR3DL3*01302","","KIR2DL3*00201","KIR2DL5A*00501","KIR2DS3*003N","","KIR2DP1*00301","KIR2DL1*00201","KIR2DL4*00802+KIR2DL4*00501","KIR3DL1*00401","KIR3DS1*01301","KIR2DS1*002","KIR2DS4*006","KIR3DL2*00501+KIR3DL2*00701"
"IND00282","KIR3DL3*00301+KIR3DL3*00202","KIR2DS2*001","KIR2DL2*00101+KIR2DL3*00101","KIR2DL5B*00201+KIR2DL5A*00101","KIR2DS3*00103","KIR2DS5*00201","KIR2DP1*00102+KIR2DP1*00201","KIR2DL1*007+KIR2DL1*00302","KIR2DL4*00801+KIR2DL4*00501","KIR3DL1*00101","KIR3DS1*01301","KIR2DS1*002","KIR2DS4*003","KIR3DL2*00101+KIR3DL2*00701"
"IND00283","KIR3DL3*00301+KIR3DL3*00101","KIR2DS2*001","KIR2DL2*00301+KIR2DL3*00201","KIR2DL5A*00101","new","new","KIR2DP1*00301","KIR2DL1*00201","KIR2DL4*00802+KIR2DL4*00501","KIR3DL1*00401","KIR3DS1*01301","KIR2DS1*002","KIR2DS4*006","KIR3DL2*00501+KIR3DL2*00701"
"IND00284","KIR3DL3*00901+KIR3DL3*00202","","KIR2DL3*00101","","","","KIR2DP1*00201+KIR2DP1*00301","KIR2DL1*00302","KIR2DL4*00103+KIR2DL4*00801","KIR3DL1*008+KIR3DL1*00101","","","KIR2DS4*003","new"
"IND00285","KIR3DL3*01405+KIR3DL3*02701","KIR2DS2*001","KIR2DL2*00301+KIR2DL3*00501","","","","KIR2DP1*016","KIR2DL1*001","KIR2DL4*00801","KIR3DL1*00101","","","KIR2DS4*003","KIR3DL2*00101"
"IND00286","KIR3DL3*01302","","KIR2DL3*00101+KIR2DL3*00201","KIR2DL5A*00501","KIR2DS3*00201","","KIR2DP1*00201+KIR2DP1*00301","KIR2DL1*00302+KIR2DL1*00201","KIR2DL4*00801+KIR2DL4*00501","KIR3DL1*00101","KIR3DS1*01301","KIR2DS1*002","KIR2DS4*003","KIR3DL2*01101+KIR3DL2*00701"
"IND00287","KIR3DL3*00601+KIR3DL3*017","","KIR2DL3*00201","KIR2DL5A*00101","","KIR2DS5*00201","KIR2DP1*00301","KIR2DL1*00201","KIR2DL4*00501+KIR2DL4*011","KIR3DL1*00501","KIR3DS1*01301","KIR2DS1*002","KIR2DS4*010","KIR3DL2*00701+KIR3DL2*00103"
"IND00288","KIR3DL3*00206+KIR3DL3*01302","","KIR2DL3*00101+KIR2DL3*00201","KIR2DL5A*00101","","KIR2DS5*00201","KIR2DP1*002+KIR2DP1*00301","KIR2DL1*00302+KIR2DL1*00201","KIR2DL4*00501+KIR2DL4*011","KIR3DL1*00501","KIR3DS1*01301","KIR2DS1*002","KIR2DS4*010","KIR3DL2*00701+KIR3DL2*00103"
"IND00289","KIR3DL3*00301+KIR3DL3*00202","KIR2DS2*001","KIR2DL2*00101+KIR2DL3*00101","KIR2DL5B*00201+KIR2DL5A*00101","KIR2DS3*00103","KIR2DS5*00201","KIR2DP1*00102+KIR2DP1*00301","KIR2DL1*00401+KIR2DL1*00302","KIR2DL4*00801+KIR2DL4*00501","KIR3DL1*00101","KIR3DS1*01301","KIR2DS1*002","KIR2DS4*003","KIR3DL2*00901+KIR3DL2*00701"
"IND00290","KIR3DL3*00206+KIR3DL3*01302","","KIR2DL3*00101+KIR2DL3*00201","","","","KIR2DP1*00203+KIR2DP1*00301","KIR2DL1*00302+KIR2DL1*00201","KIR2DL4*00802+KIR2DL4*011","KIR3DL1*00401+KIR3DL1*00501","","","KIR2DS4*003+KIR2DS4*010","KIR3DL2*00301+KIR3DL2*023"
"IND00291","KIR3DL3*00101+KIR3DL3*00201","","KIR2DL3*00101+KIR2DL3*00110","","","","KIR2DP1*002+KIR2DP1*00201","KIR2DL1*00302","KIR2DL4*00102+KIR2DL4*00801","KIR3DL1*01502+KIR3DL1*00101","","","KIR2DS4*00101+KIR2DS4*003","KIR3DL2*00201+KIR3DL2*00101"
"IND00292","KIR3DL3*00102+KIR3DL3*01302","","KIR2DL3*00201","","","","KIR2DP1*00301","KIR2DL1*00201","KIR2DL4*00102","KIR3DL1*002","","","KIR2DS4*00101","KIR3DL2*00201"
"IND00293","KIR3DL3*007+KIR3DL3*00101","KIR2DS2*001","KIR2DL2*00101+KIR2DL3*00201","KIR2DL5B*00201","KIR2DS3*00103","","KIR2DP1*00102+KIR2DP1*00301","KIR2DL1*00401+KIR2DL1*00201","KIR2DL4*00801+KIR2DL4*00802+KIR2DL4*00501","KIR3DL1*002+KIR3DL1*00401","KIR3DS1*01301","","KIR2DS4*00101+KIR2DS4*003+KIR2DS4*006","KIR3DL2*00102+KIR3DL2*026 KIR3DL2*00901+KIR3DL2*026"
"IND00294","KIR3DL3*00104+KIR3DL3*01302","","KIR2DL3*00201","","","","KIR2DP1*00301","KIR2DL1*00201","KIR2DL4*00801+KIR2DL4*00602","KIR3DL1*00101+KIR3DL1*00701","","","KIR2DS4*003+KIR2DS4*004","KIR3DL2*00101+KIR3DL2*008"
"IND00295","KIR3DL3*01302+KIR3DL3*01102","","KIR2DL3*00101+KIR2DL3*00201","","","","KIR2DP1*002+KIR2DP1*00301","KIR2DL1*00302+KIR2DL1*00201","KIR2DL4*00103+KIR2DL4*00602","KIR3DL1*008+KIR3DL1*00701","","","KIR2DS4*003+KIR2DS4*004","KIR3DL2*00901+KIR3DL2*008"
"IND00296","KIR3DL3*00301+KIR3DL3*00901","KIR2DS2*001","KIR2DL2*00101+KIR2DL3*00101","KIR2DL5B*00201+KIR2DL5A*00101","KIR2DS3*00103","KIR2DS5*00201","KIR2DP1*00102+KIR2DP1*00203","KIR2DL1*00401+KIR2DL1*00302","KIR2DL4*00501","","KIR3DS1*01301","KIR2DS1*002","","KIR3DL2*00701"
"IND00297","KIR3DL3*00101","","KIR2DL3*00101","KIR2DL5A*00101","","KIR2DS5*00201","KIR2DP1*00201","KIR2DL1*00302","KIR2DL4*00501","","KIR3DS1*01301","KIR2DS1*002","","KIR3DL2*00701"
"IND00298","KIR3DL3*00301+KIR3DL3*01302","KIR2DS2*001","KIR2DL2*00101+KIR2DL3*00201","KIR2DL5B*00201","KIR2DS3*00103","","KIR2DP1*00102+KIR2DP1*00301","KIR2DL1*00401+KIR2DL1*00201","KIR2DL4*00801+KIR2DL4*00802","KIR3DL1*00101+KIR3DL1*039","","","KIR2DS4*003+KIR2DS4*006","KIR3DL2*00101+KIR3DL2*00501"
"IND00299","KIR3DL3*019+KIR3DL3*00801","","KIR2DL3*00101+KIR2DL3*00201","","","","KIR2DP1*00201+KIR2DP1*00301","KIR2DL1*00302+KIR2DL1*00201","KIR2DL4*00103+KIR2DL4*00802","KIR3DL1*020+KIR3DL1*00401","","","KIR2DS4*00101+KIR2DS4*006","KIR3DL2*00902+KIR3DL2*00501"
"IND00300","KIR3DL3*00301+KIR3DL3*00101","KIR2DS2*001","KIR2DL2*00101+KIR2DL3*00101","KIR2DL5A*00101","","KIR2DS5*00201","KIR2DP1*00201","KIR2DL1*00302","KIR2DL4*00801","KIR3DL1*00101","","KIR2DS1*002","KIR2DS4*003","KIR3DL2*00101+KIR3DL2*00701"
"IND00301","KIR3DL3*00901","","KIR2DL3*00101","","","","KIR2DP1*002+KIR2DP1*00203","KIR2DL1*00302+KIR2DL1*020","KIR2DL4*00102+KIR2DL4*00801","KIR3DL1*01502+KIR3DL1*00101","","","KIR2DS4*00101+KIR2DS4*003","KIR3DL2*00201+KIR3DL2*00101"
"IND00302","KIR3DL3*007+KIR3DL3*00101","KIR2DS2*001","KIR2DL2*00101+KIR2DL3*00201","KIR2DL5B*00201+KIR2DL5A*00501","KIR2DS3*00103+KIR2DS3*003N","","KIR2DP1*00102+KIR2DP1*00301","KIR2DL1*00401+KIR2DL1*00201","KIR2DL4*00802+KIR2DL4*00501","KIR3DL1*00401","KIR3DS1*01301","KIR2DS1*002","KIR2DS4*006","KIR3DL2*00501+KIR3DL2*00701"
"IND00303","KIR3DL3*00402+KIR3DL3*00206","KIR2DS2*001","KIR2DL2*00101+KIR2DL3*00101","KIR2DL5B*00201","KIR2DS3*00103","","KIR2DP1*00102+KIR2DP1*00201","KIR2DL1*00401+KIR2DL1*00302","KIR2DL4*00102","KIR3DL1*01502","","","KIR2DS4*00101","KIR3DL2*00201"
"IND00304","KIR3DL3*00101","","KIR2DL3*00101+KIR2DL3*00201","KIR2DL5A*00101","","KIR2DS5*00201","KIR2DP1*00201+KIR2DP1*00301","KIR2DL1*00302+KIR2DL1*00201","KIR2DL4*00802+KIR2DL4*00501","KIR3DL1*00401","KIR3DS1*01301","KIR2DS1*002","KIR2DS4*006","KIR3DL2*00501+KIR3DL2*00701"
"IND00305","KIR3DL3*00301+KIR3DL3*007","KIR2DS2*001","KIR2DL2*00301","","","","","","KIR2DL4*00102+KIR2DL4*00802","KIR3DL1*002+KIR3DL1*00401","","","KIR2DS4*00101+KIR2DS4*006","KIR3DL2*00201+KIR3DL2*00301"
"IND00306","KIR3DL3*01405+KIR3DL3*00207","KIR2DS2*001","KIR2DL2*00301+KIR2DL3*00101 KIR2DL2*009+KIR2DL3*00101","KIR2DL5A*00101","","KIR2DS5*00201","KIR2DP1*00201","KIR2DL1*00302","KIR2DL4*00801+KIR2DL4*00501","KIR3DL1*00101","KIR3DS1*01301","KIR2DS1*002","KIR2DS4*003","KIR3DL2*00101+KIR3DL2*00701"
"IND00307","KIR3DL3*00101+KIR3DL3*031","","KIR2DL3*00201+KIR2DL3*00501","KIR2DL5A*00101","","KIR2DS5*00201","KIR2DP1*00301+KIR2DP1*016","KIR2DL1*00201+KIR2DL1*001","KIR2DL4*00801+KIR2DL4*00501","KIR3DL1*00101","KIR3DS1*01301","KIR2DS1*002","KIR2DS4*003","KIR3DL2*00101+KIR3DL2*00701"
"IND00308","KIR3DL3*017+KIR3DL3*01102","","KIR2DL3*00101+KIR2DL3*00201","KIR2DL5A*00501","KIR2DS3*00201","","KIR2DP1*002+KIR2DP1*00301","KIR2DL1*00302+KIR2DL1*00201","KIR2DL4*00102+KIR2DL4*00501","KIR3DL1*002","KIR3DS1*01301","KIR2DS1*002","KIR2DS4*00101","KIR3DL2*00201+KIR3DL2*00701"
"IND00309","KIR3DL3*01302+KIR3DL3*00202","","KIR2DL3*00101+KIR2DL3*00201","","","","KIR2DP1*00201+KIR2DP1*00301","KIR2DL1*00302+KIR2DL1*00201","KIR2DL4*00802+KIR2DL4*011","KIR3DL1*00401+KIR3DL1*00501","","","KIR2DS4*003+KIR2DS4*010","KIR3DL2*00301+KIR3DL2*057"
"IND00310","KIR3DL3*00101+KIR3DL3*020","","KIR2DL3*00101","KIR2DL5A*00101","","KIR2DS5*00201","KIR2DP1*00201","KIR2DL1*00302","KIR2DL4*00801+KIR2DL4*00501","KIR3DL1*009","KIR3DS1*01301","KIR2DS1*002","KIR2DS4*003","KIR3DL2*01101+KIR3DL2*00701"
"IND00311","KIR3DL3*00101+KIR3DL3*00202","","KIR2DL3*00101","KIR2DL5A*00101","","KIR2DS5*00201","KIR2DP1*00201","KIR2DL1*00302","KIR2DL4*00801+KIR2DL4*00501","KIR3DL1*00101","KIR3DS1*01301","KIR2DS1*002","KIR2DS4*003","KIR3DL2*00101+KIR3DL2*00701"
"IND00312","KIR3DL3*00101+KIR3DL3*00901","","KIR2DL3*00101+KIR2DL3*00201","","","","KIR2DP1*00201+KIR2DP1*00301","KIR2DL1*00302+KIR2DL1*00201","KIR2DL4*00801+KIR2DL4*00802","KIR3DL1*00101+KIR3DL1*00401","","","KIR2DS4*003+KIR2DS4*006","KIR3DL2*01101+KIR3DL2*00501"
"IND00313","KIR3DL3*00101+KIR3DL3*00202","","KIR2DL3*00101+KIR2DL3*00201","","","","KIR2DP1*00201+KIR2DP1*00301","KIR2DL1*00302+KIR2DL1*00201","KIR2DL4*00801+KIR2DL4*011","KIR3DL1*00101+KIR3DL1*00501","","","KIR2DS4*003+KIR2DS4*010","KIR3DL2*00101+KIR3DL2*00103"
"IND00314","KIR3DL3*00102+KIR3DL3*00901","","KIR2DL3*00101+KIR2DL3*00201","","","","KIR2DP1*00203+KIR2DP1*00301","KIR2DL1*00302+KIR2DL1*00201","KIR2DL4*00103+KIR2DL4*011","KIR3DL1*008+KIR3DL1*00501","","","KIR2DS4*003+KIR2DS4*010","KIR3DL2*00901+KIR3DL2*023"
"IND00315","KIR3DL3*00301+KIR3DL3*00202","KIR2DS2*001","KIR2DL2*00301+KIR2DL3*00101","KIR2DL5A*00101","","KIR2DS5*00201","KIR2DP1*002","KIR2DL1*00302","KIR2DL4*00802+KIR2DL4*00501","KIR3DL1*00401","KIR3DS1*01301","KIR2DS1*002","KIR2DS4*006","KIR3DL2*00301+KIR3DL2*00701"
"IND00316","KIR3DL3*00101+KIR3DL3*01303","","KIR2DL3*00101+KIR2DL3*00201","","","","KIR2DP1*00201+KIR2DP1*00301","KIR2DL1*00302+KIR2DL1*00201","KIR2DL4*00103+KIR2DL4*00102","KIR3DL1*020+KIR3DL1*002","","","KIR2DS4*00101","KIR3DL2*00902+KIR3DL2*00201"
"IND00317","KIR3DL3*00201+KIR3DL3*019","","KIR2DL3*00101","","","","KIR2DP1*00201+KIR2DP1*002","KIR2DL1*00302","new","KIR3DL1*01502+KIR3DL1*00401","","","KIR2DS4*00101+KIR2DS4*006","KIR3DL2*00201+KIR3DL2*00301"
"IND00318","KIR3DL3*00101+KIR3DL3*00202","","KIR2DL3*00101+KIR2DL3*00110","","","","KIR2DP1*00201","KIR2DL1*00302","KIR2DL4*00801+KIR2DL4*00802","KIR3DL1*00101+KIR3DL1*00401","","","KIR2DS4*003+KIR2DS4*006","KIR3DL2*00101+KIR3DL2*00301"
"IND00319","KIR3DL3*00301+KIR3DL3*00202","KIR2DS2*001","KIR2DL2*00101+KIR2DL3*00101","KIR2DL5B*00201+KIR2DL5A*00501","KIR2DS3*00103+KIR2DS3*003N","","KIR2DP1*00102+KIR2DP1*002","KIR2DL1*00401+KIR2DL1*00302","KIR2DL4*00801+KIR2DL4*00501","KIR3DL1*00101","KIR3DS1*01301","KIR2DS1*002","KIR2DS4*003","KIR3DL2*00101+KIR3DL2*00701"
"IND00320","KIR3DL3*00206+KIR3DL3*00801","","KIR2DL3*00101","","","","KIR2DP1*00203+KIR2DP1*002","KIR2DL1*00302","KIR2DL4*00102+KIR2DL4*00801","KIR3DL1*01502+KIR3DL1*00101","","","KIR2DS4*00101+KIR2DS4*003","KIR3DL2*00201+KIR3DL2*00101"
"IND00321","KIR3DL3*00101+KIR3DL3*00202","","KIR2DL3*00101","KIR2DL5A*00101","","KIR2DS5*00201","KIR2DP1*00201+KIR2DP1*00301","KIR2DL1*00302","KIR2DL4*00103+KIR2DL4*00501","KIR3DL1*008","KIR3DS1*01301","KIR2DS1*002","KIR2DS4*003","new"
"IND00322","KIR3DL3*00101+KIR3DL3*01302","","KIR2DL3*00201","KIR2DL5A*00101","","KIR2DS5*00201","KIR2DP1*00301","KIR2DL1*00201","KIR2DL4*00801+KIR2DL4*00501","KIR3DL1*00101","KIR3DS1*01301","KIR2DS1*002","KIR2DS4*003","new"
"IND00323","KIR3DL3*01501+KIR3DL3*00210","","KIR2DL3*00101","KIR2DL5A*00101","","KIR2DS5*00201","KIR2DP1*00203+KIR2DP1*00301","KIR2DL1*00302","KIR2DL4*00501","","KIR3DS1*01301","KIR2DS1*002","","KIR3DL2*00701"
"IND00324","KIR3DL3*00301+KIR3DL3*00101","KIR2DS2*001","KIR2DL2*00301+KIR2DL3*00101","KIR2DL5A*00101","","KIR2DS5*00201","KIR2DP1*00201","KIR2DL1*00302","KIR2DL4*00102+KIR2DL4*00501","KIR3DL1*01502","KIR3DS1*01301","KIR2DS1*002","KIR2DS4*00101","KIR3DL2*00201+KIR3DL2*018"
"IND00325","KIR3DL3*01002+KIR3DL3*00801","","KIR2DL3*00101+KIR2DL3*009","KIR2DL5A*00101","","KIR2DS5*00201","KIR2DP1*00201","KIR2DL1*00302","KIR2DL4*00102+KIR2DL4*00501","KIR3DL1*02901","KIR3DS1*01301","KIR2DS1*002","KIR2DS4*00101","KIR3DL2*00201+KIR3DL2*00701"
"IND00326","KIR3DL3*01404+KIR3DL3*01402","KIR2DS2*001","KIR2DL2*00301+KIR2DL2*00101","KIR2DL5B*010+KIR2DL5A*00101","KIR2DS3*00103","KIR2DS5*00201","KIR2DP1*00102","KIR2DL1*010","KIR2DL4*00103+KIR2DL4*00501","KIR3DL1*020","KIR3DS1*01301","KIR2DS1*002","KIR2DS4*00101","KIR3DL2*00902+KIR3DL2*018"
"IND00327","KIR3DL3*00101","","KIR2DL3*00201","","","","KIR2DP1*00301","KIR2DL1*00201","KIR2DL4*00103+KIR2DL4*00801","KIR3DL1*008+KIR3DL1*00101","","","KIR2DS4*003","KIR3DL2*00901+KIR3DL2*01101"
"IND00328","new","","KIR2DL3*00101+KIR2DL3*00501 KIR2DL3*00101+KIR2DL3*017","","","","KIR2DP1*00301+KIR2DP1*016","KIR2DL1*00302+KIR2DL1*001","KIR2DL4*00801+KIR2DL4*00602","KIR3DL1*00101+KIR3DL1*00701","","","KIR2DS4*003+KIR2DS4*004","KIR3DL2*00101+KIR3DL2*008"
"IND00329","KIR3DL3*00301+KIR3DL3*00101","KIR2DS2*001","KIR2DL2*00101+KIR2DL3*00101","KIR2DL5B*00201+KIR2DL5A*00501","KIR2DS3*00103+KIR2DS3*00201","","KIR2DP1*00102+KIR2DP1*00201","KIR2DL1*00401+KIR2DL1*00302","KIR2DL4*00102+KIR2DL4*00501","KIR3DL1*01502","KIR3DS1*01301","KIR2DS1*002","KIR2DS4*00101","KIR3DL2*00201+KIR3DL2*00701"
"IND00330","KIR3DL3*045+KIR3DL3*00101","KIR2DS2*001","KIR2DL2*00101+KIR2DL3*00201","KIR2DL5B*00201","KIR2DS3*00103","","KIR2DP1*00102+KIR2DP1*00301","KIR2DL1*00401+KIR2DL1*00201","KIR2DL4*00801+KIR2DL4*011","KIR3DL1*009+KIR3DL1*00501","","","KIR2DS4*003+KIR2DS4*010","KIR3DL2*00301+KIR3DL2*010"
"IND00331","KIR3DL3*00101+KIR3DL3*00202","","KIR2DL3*00101+KIR2DL3*00201","","","","KIR2DP1*00203+KIR2DP1*00301","KIR2DL1*020+KIR2DL1*00201","KIR2DL4*00802+KIR2DL4*011","KIR3DL1*00401+KIR3DL1*00501","","","KIR2DS4*003+KIR2DS4*010","KIR3DL2*00301+KIR3DL2*023"
"IND00332","KIR3DL3*01002+KIR3DL3*02701","","KIR2DL3*003+KIR2DL3*00501","","","","KIR2DP1*00201+KIR2DP1*016","KIR2DL1*00302+KIR2DL1*001","KIR2DL4*00103+KIR2DL4*00802","KIR3DL1*008+KIR3DL1*00401","","","KIR2DS4*003+KIR2DS4*006","KIR3DL2*00901+KIR3DL2*00301"
"IND00333","KIR3DL3*00301+KIR3DL3*00101","KIR2DS2*001","KIR2DL2*00101+KIR2DL3*00201","KIR2DL5B*00201+KIR2DL5A*00501","KIR2DS3*00103+KIR2DS3*00201","","KIR2DP1*00102+KIR2DP1*00301","KIR2DL1*00401+KIR2DL1*00201","KIR2DL4*00802+KIR2DL4*00501","KIR3DL1*00401","KIR3DS1*01301","KIR2DS1*002","KIR2DS4*006","KIR3DL2*00501+KIR3DL2*00701"
"IND00334","KIR3DL3*00301+KIR3DL3*00206","KIR2DS2*001","KIR2DL2*00301+KIR2DL3*00101","","","","KIR2DP1*00203","KIR2DL1*00302","KIR2DL4*00102+KIR2DL4*011","KIR3DL1*002+KIR3DL1*00501","","","KIR2DS4*00101+KIR2DS4*010","KIR3DL2*00201+KIR3DL2*00103"
"IND00335","KIR3DL3*01501+KIR3DL3*00101","","KIR2DL3*00101","","","","KIR2DP1*00201+KIR2DP1*00301","KIR2DL1*00302","KIR2DL4*00102+KIR2DL4*00801","KIR3DL1*01502+KIR3DL1*00101","","","KIR2DS4*00101+KIR2DS4*003","KIR3DL2*00201+KIR3DL2*00901"
"IND00336","KIR3DL3*00301+KIR3DL3*00202","KIR2DS2*001","KIR2DL2*00101+KIR2DL3*00101","","","","KIR2DP1*002","KIR2DL1*00302","KIR2DL4*00801+KIR2DL4*00802","KIR3DL1*00101+KIR3DL1*00401","","","KIR2DS4*003+KIR2DS4*006","KIR3DL2*00101+KIR3DL2*00501"
"IND00337","KIR3DL3*044+KIR3DL3*01302","","KIR2DL3*00101","KIR2DL5A*00101","","KIR2DS5*00201","KIR2DP1*00201","KIR2DL1*00302","KIR2DL4*00102+KIR2DL4*00501","KIR3DL1*002","KIR3DS1*01301","KIR2DS1*002","KIR2DS4*00101","KIR3DL2*00201+KIR3DL2*00701"
"IND00338","KIR3DL3*00101","","KIR2DL3*00201","","","","KIR2DP1*00301","KIR2DL1*00201","KIR2DL4*00102+KIR2DL4*00802","KIR3DL1*002+KIR3DL1*00401","","","KIR2DS4*00101+KIR2DS4*006","KIR3DL2*00201+KIR3DL2*00501"
"IND00339","KIR3DL3*007+KIR3DL3*00101","KIR2DS2*001","KIR2DL2*00301+KIR2DL3*00201 KIR2DL2*009+KIR2DL3*00201","","","","KIR2DP1*00301","KIR2DL1*00201","KIR2DL4*00801","KIR3DL1*00101","","","KIR2DS4*003","KIR3DL2*00101"
"IND00340","new","","KIR2DL3*00101+KIR2DL3*00201","","","","KIR2DP1*00201+KIR2DP1*00301","KIR2DL1*00302+KIR2DL1*00201","KIR2DL4*00102+KIR2DL4*00802","KIR3DL1*01502+KIR3DL1*00401","","","KIR2DS4*00101+KIR2DS4*006","KIR3DL2*00201+KIR3DL2*00501"
"IND00341","KIR3DL3*00301+KIR3DL3*00101","KIR2DS2*001","KIR2DL2*00301+KIR2DL3*00201","","","","KIR2DP1*00301","KIR2DL1*00201","KIR2DL4*00102+KIR2DL4*00801","KIR3DL1*002+KIR3DL1*009","","","KIR2DS4*00101+KIR2DS4*003","KIR3DL2*00201+KIR3DL2*01101"
"IND00342","KIR3DL3*01307+KIR3DL3*019","","KIR2DL3*00201","","","","KIR2DP1*00301","KIR2DL1*00201","KIR2DL4*00802","KIR3DL1*00401","","","KIR2DS4*006","KIR3DL2*00501"
"IND00343","KIR3DL3*00201+KIR3DL3*00801","","KIR2DL3*00101","KIR2DL5A*00101","","KIR2DS5*00201","KIR2DP1*00201+KIR2DP1*002","KIR2DL1*00302","KIR2DL4*00501+KIR2DL4*011","KIR3DL1*00501","KIR3DS1*01301","KIR2DS1*002","KIR2DS4*010","KIR3DL2*010+KIR3DL2*00103"
"IND00344","KIR3DL3*00601","","KIR2DL3*00201","","","","KIR2DP1*00301","KIR2DL1*00201","KIR2DL4*00102+KIR2DL4*00802","KIR3DL1*002+KIR3DL1*019","","","KIR2DS4*00101+KIR2DS4*006","KIR3DL2*00201+KIR3DL2*00501"
"IND00345","KIR3DL3*00301+KIR3DL3*00901","KIR2DS2*001","KIR2DL2*00101+KIR2DL3*00101","KIR2DL5B*00201+KIR2DL5A*00101","KIR2DS3*00103","KIR2DS5*00201","new","KIR2DL1*00401+KIR2DL1*00302","KIR2DL4*00802+KIR2DL4*00501","KIR3DL1*00402","KIR3DS1*01301","KIR2DS1*002","KIR2DS4*006","KIR3DL2*00301+KIR3DL2*00701"
"IND00346","KIR3DL3*00901+KIR3DL3*00206","","KIR2DL3*00101","KIR2DL5A*00101","","KIR2DS5*00201","KIR2DP1*00201+KIR2DP1*00203","KIR2DL1*00302","KIR2DL4*00501+KIR2DL4*011","KIR3DL1*00501","KIR3DS1*01301","KIR2DS1*002","KIR2DS4*010","KIR3DL2*00701+KIR3DL2*00103"
"IND00347","KIR3DL3*00301+KIR3DL3*00402","KIR2DS2*001","KIR2DL2*00301","","","","","","KIR2DL4*00801+KIR2DL4*00802","KIR3DL1*00101+KIR3DL1*00401","","","KIR2DS4*003+KIR2DS4*006","KIR3DL2*00101+KIR3DL2*00501"
"IND00348","KIR3DL3*020+KIR3DL3*01303","KIR2DS2*001","KIR2DL2*00101+KIR2DL3*00101","KIR2DL5B*00201","KIR2DS3*00103","","KIR2DP1*00102+KIR2DP1*00201","KIR2DL1*00401+KIR2DL1*00302","KIR2DL4*00801+KIR2DL4*00802","KIR3DL1*00101+KIR3DL1*00401","","","KIR2DS4*003+KIR2DS4*006","KIR3DL2*00101+KIR3DL2*00301"
"IND00349","KIR3DL3*00202+KIR3DL3*01102","","KIR2DL3*00101","","","","KIR2DP1*002","KIR2DL1*00302","KIR2DL4*00802+KIR2DL4*011","KIR3DL1*019+KIR3DL1*00501","","","KIR2DS4*003+KIR2DS4*010","KIR3DL2*00301+KIR3DL2*023"
"IND00350","KIR3DL3*01402+KIR3DL3*02701","KIR2DS2*001","KIR2DL2*00101+KIR2DL3*00501","","","","KIR2DP1*016","KIR2DL1*001","KIR2DL4*00102","KIR3DL1*002+KIR3DL1*01502","","","KIR2DS4*00101","KIR3DL2*00201"
"IND00351","KIR3DL3*00301+KIR3DL3*01302","KIR2DS2*001","KIR2DL2*00301+KIR2DL3*00101","","","","KIR2DP1*00201","KIR2DL1*00302","KIR2DL4*00102+KIR2DL4*00801","KIR3DL1*002+KIR3DL1*00101","","","KIR2DS4*00101+KIR2DS4*003","KIR3DL2*00201+KIR3DL2*00101"
"IND00352","KIR3DL3*00101+KIR3DL3*01001","","KIR2DL3*00101+KIR2DL3*00201","","","","KIR2DP1*00203+KIR2DP1*00301","KIR2DL1*00302+KIR2DL1*00201","KIR2DL4*011","KIR3DL1*00501","","","KIR2DS4*010","KIR3DL2*00103"
"IND00353","KIR3DL3*00201+KIR3DL3*01302","","KIR2DL3*00101+KIR2DL3*00201","","","","KIR2DP1*002+KIR2DP1*00301","KIR2DL1*00302+KIR2DL1*00201","KIR2DL4*00103+KIR2DL4*00802","KIR3DL1*008+KIR3DL1*00401","","","KIR2DS4*003+KIR2DS4*006","new"
"IND00354","KIR3DL3*00402+KIR3DL3*01307","KIR2DS2*001","KIR2DL2*00301+KIR2DL3*00201","","","","KIR2DP1*00301","KIR2DL1*00201","KIR2DL4*00102+KIR2DL4*00801","KIR3DL1*002+KIR3DL1*00101","","","KIR2DS4*00101+KIR2DS4*003","KIR3DL2*00201+KIR3DL2*00101"
"IND00355","KIR3DL3*00207+KIR3DL3*02701","","KIR2DL3*00101+KIR2DL3*00501","","","","KIR2DP1*00201+KIR2DP1*016","KIR2DL1*00302+KIR2DL1*001","KIR2DL4*00801","KIR3DL1*00101","","","KIR2DS4*003","KIR3DL2*00101"
"IND00356","KIR3DL3*00207+KIR3DL3*01302","","KIR2DL3*00101+KIR2DL3*00201","","","","KIR2DP1*00301","KIR2DL1*00302+KIR2DL1*00201","KIR2DL4*00103+KIR2DL4*00802","KIR3DL1*008+KIR3DL1*00401","","","KIR2DS4*003+KIR2DS4*006","new"
"IND00357","KIR3DL3*00301+KIR3DL3*00902","KIR2DS2*001","KIR2DL2*00101+KIR2DL3*00101","KIR2DL5B*00201","KIR2DS3*00103","","KIR2DP1*00102+KIR2DP1*00201","KIR2DL1*00401+KIR2DL1*00302",NA,"new",NA,"","KIR2DS4*00101+KIR2DS4*006","KIR3DL2*00201+KIR3DL2*00501"
"IND00358","KIR3DL3*00301+KIR3DL3*00101","KIR2DS2*001","KIR2DL2*00101+KIR2DL3*00201","KIR2DL5B*00201+KIR2DL5A*00101","KIR2DS3*00103","KIR2DS5*00201","KIR2DP1*00102+KIR2DP1*00301","KIR2DL1*00401+KIR2DL1*00201","KIR2DL4*00501","","KIR3DS1*01301","KIR2DS1*002","","KIR3DL2*00701"
"IND00359","KIR3DL3*00901+KIR3DL3*017","","KIR2DL3*00101+KIR2DL3*00201","","","","KIR2DP1*00203+KIR2DP1*00301","KIR2DL1*020+KIR2DL1*00201","KIR2DL4*011","KIR3DL1*00501","","","KIR2DS4*010","KIR3DL2*00103"
"IND00360","KIR3DL3*00301+KIR3DL3*007","KIR2DS2*001","KIR2DL2*00301","KIR2DL5A*00101","","KIR2DS5*00201","","","KIR2DL4*00801+KIR2DL4*00501","KIR3DL1*00101","KIR3DS1*01301","KIR2DS1*002","KIR2DS4*003","KIR3DL2*00101+KIR3DL2*00701"
"IND00361","KIR3DL3*00101+KIR3DL3*01302","","KIR2DL3*00101","","","","KIR2DP1*00201","KIR2DL1*00302","KIR2DL4*00802+KIR2DL4*011","KIR3DL1*00401+KIR3DL1*00501","","","KIR2DS4*003+KIR2DS4*010","KIR3DL2*00301+KIR3DL2*00103"
"IND00362","KIR3DL3*01402+KIR3DL3*02501","KIR2DS2*001","KIR2DL2*00101+KIR2DL3*00501","KIR2DL5B*00201","KIR2DS3*00103","","KIR2DP1*00102+KIR2DP1*016","KIR2DL1*00401+KIR2DL1*001","KIR2DL4*00801","KIR3DL1*00101+KIR3DL1*043","","","KIR2DS4*003","KIR3DL2*00101"
"IND00363","KIR3DL3*00101+KIR3DL3*00201","","KIR2DL3*00101+KIR2DL3*00201","","","","KIR2DP1*002+KIR2DP1*00301","KIR2DL1*00302+KIR2DL1*00201","KIR2DL4*00103","KIR3DL1*008","","","KIR2DS4*003","new"
"IND00364","KIR3DL3*00301+KIR3DL3*01307","KIR2DS2*001","KIR2DL2*00301+KIR2DL3*00201","","","","KIR2DP1*00301","KIR2DL1*00201","KIR2DL4*00102+KIR2DL4*00801","KIR3DL1*002+KIR3DL1*00101","","","KIR2DS4*00101+KIR2DS4*003","KIR3DL2*00201+KIR3DL2*00101"
"IND00365","KIR3DL3*00301+KIR3DL3*01404","KIR2DS2*001","KIR2DL2*00101","KIR2DL5B*00201+KIR2DL5A*00101","KIR2DS3*00103+KIR2DS3*00201","KIR2DS5*00201","KIR2DP1*00102","KIR2DL1*00401+KIR2DL1*007","KIR2DL4*00501","","KIR3DS1*01301","KIR2DS1*002","","KIR3DL2*00701"
"IND00366","KIR3DL3*01404+KIR3DL3*02701","KIR2DS2*001","KIR2DL2*00301+KIR2DL3*00501","KIR2DL5A*00101","","KIR2DS5*00201","KIR2DP1*016","KIR2DL1*001","KIR2DL4*00802+KIR2DL4*00501","KIR3DL1*00402","KIR3DS1*01301","KIR2DS1*002","KIR2DS4*006","KIR3DL2*00301+KIR3DL2*00701"
"IND00367","KIR3DL3*00301+KIR3DL3*01402","KIR2DS2*001","KIR2DL2*00301","","","","","","KIR2DL4*00801+KIR2DL4*00802","KIR3DL1*00101+KIR3DL1*00401","","","KIR2DS4*003+KIR2DS4*006","KIR3DL2*00101+KIR3DL2*00501"
"IND00368","KIR3DL3*00901+KIR3DL3*00206","","KIR2DL3*00101","","","","KIR2DP1*00201+KIR2DP1*00203","KIR2DL1*00302","KIR2DL4*011","KIR3DL1*00501","","","KIR2DS4*010","KIR3DL2*00103"
"IND00369","KIR3DL3*00301","KIR2DS2*001","KIR2DL2*00301+KIR2DL2*00101","","","","","","KIR2DL4*00102+KIR2DL4*00801","KIR3DL1*002+KIR3DL1*00101","","","KIR2DS4*00101+KIR2DS4*003","KIR3DL2*00201+KIR3DL2*00101"
"IND00370","KIR3DL3*00301+KIR3DL3*00206","KIR2DS2*001","KIR2DL2*00101+KIR2DL3*00101","","","","KIR2DP1*00203","KIR2DL1*00302","KIR2DL4*00102+KIR2DL4*00801","KIR3DL1*01502+KIR3DL1*00101","","","KIR2DS4*00101+KIR2DS4*003","KIR3DL2*00201+KIR3DL2*00101"
"IND00371","KIR3DL3*00301+KIR3DL3*01302","KIR2DS2*001","KIR2DL2*00301+KIR2DL3*00101","KIR2DL5A*00101","","KIR2DS5*00201","KIR2DP1*00201","KIR2DL1*00302","KIR2DL4*00801+KIR2DL4*00501","KIR3DL1*00101","KIR3DS1*01301","KIR2DS1*002","KIR2DS4*003","KIR3DL2*00101+KIR3DL2*00701"
"IND00372","KIR3DL3*00301+KIR3DL3*01302","KIR2DS2*001","KIR2DL2*00101+KIR2DL3*00101","KIR2DL5B*00201+KIR2DL5A*00101","KIR2DS3*00103","KIR2DS5*00201","KIR2DP1*00102+KIR2DP1*00201","KIR2DL1*007+KIR2DL1*00302","KIR2DL4*00602+KIR2DL4*00501","KIR3DL1*00701","KIR3DS1*01301","KIR2DS1*002","KIR2DS4*004","KIR3DL2*008+KIR3DL2*00701"
"IND00373","KIR3DL3*00301+KIR3DL3*00101","KIR2DS2*001","KIR2DL2*00301+KIR2DL3*00101","KIR2DL5A*00101+KIR2DL5A*01201","","KIR2DS5*00201","KIR2DP1*00201","KIR2DL1*00302","KIR2DL4*00501","","KIR3DS1*01301","KIR2DS1*002","","KIR3DL2*00701"
"IND00374","KIR3DL3*00301+KIR3DL3*00402","KIR2DS2*001","KIR2DL2*00101","KIR2DL5B*00201+KIR2DL5B*00801","KIR2DS3*00103","","KIR2DP1*00102","KIR2DL1*00401","KIR2DL4*00102","KIR3DL1*01502","","KIR2DS1*002","KIR2DS4*00101","KIR3DL2*00201+KIR3DL2*00701"
"IND00375","KIR3DL3*00902+KIR3DL3*00202","","KIR2DL3*00101","KIR2DL5A*00101","","KIR2DS5*00201","KIR2DP1*00201","KIR2DL1*00302+KIR2DL1*01201","KIR2DL4*00802+KIR2DL4*00501","KIR3DL1*00402","KIR3DS1*01301","KIR2DS1*006","KIR2DS4*006","KIR3DL2*00301+KIR3DL2*00701"
"IND00376","KIR3DL3*01402+KIR3DL3*00103","KIR2DS2*001","KIR2DL2*00301+KIR2DL3*00201","KIR2DL5A*00101","","KIR2DS5*00201","KIR2DP1*00301","KIR2DL1*00201","KIR2DL4*00102+KIR2DL4*00501","KIR3DL1*002","KIR3DS1*049N","KIR2DS1*002","KIR2DS4*00101","KIR3DL2*00201+KIR3DL2*00701"
"IND00377","KIR3DL3*00301+KIR3DL3*00602","KIR2DS2*001","KIR2DL2*00101+KIR2DL3*00201","","","","KIR2DP1*00301","KIR2DL1*00201","KIR2DL4*00801","KIR3DL1*009+KIR3DL1*00101","","","KIR2DS4*003","KIR3DL2*01101+KIR3DL2*00101"
"IND00378","KIR3DL3*01402+KIR3DL3*02501","KIR2DS2*001","KIR2DL2*00101+KIR2DL3*00501","KIR2DL5B*00201","KIR2DS3*00103","","KIR2DP1*00102+KIR2DP1*016","KIR2DL1*00401+KIR2DL1*001","KIR2DL4*00801+KIR2DL4*00802","KIR3DL1*00101+KIR3DL1*00401","","","KIR2DS4*003+KIR2DS4*006","KIR3DL2*00101+KIR3DL2*00301"
"IND00379","KIR3DL3*00101","","KIR2DL3*00201","","","","KIR2DP1*00301","KIR2DL1*00201","KIR2DL4*00801","KIR3DL1*00101","","","KIR2DS4*003","new"
"IND00380","KIR3DL3*00901+KIR3DL3*00601","","KIR2DL3*00101+KIR2DL3*00201","","","","KIR2DP1*00203+KIR2DP1*00301","KIR2DL1*00302+KIR2DL1*00201","KIR2DL4*00103+KIR2DL4*011","KIR3DL1*008+KIR3DL1*00501","","","KIR2DS4*003+KIR2DS4*010","KIR3DL2*00901+KIR3DL2*00103"
"IND00381","KIR3DL3*01302+KIR3DL3*00904","","KIR2DL3*00101+KIR2DL3*00201","KIR2DL5A*00101","","KIR2DS5*00201","KIR2DP1*00301+KIR2DP1*004","KIR2DL1*00302+KIR2DL1*00201","KIR2DL4*00801+KIR2DL4*00501","KIR3DL1*00101","KIR3DS1*049N","KIR2DS1*002","KIR2DS4*003","KIR3DL2*00101+KIR3DL2*00701"
"IND00382","KIR3DL3*00901+KIR3DL3*01304","","KIR2DL3*00101+KIR2DL3*00201","","","","KIR2DP1*00201+KIR2DP1*00301","KIR2DL1*00302+KIR2DL1*00201","KIR2DL4*00103+KIR2DL4*00801","KIR3DL1*008+KIR3DL1*00101","","","KIR2DS4*003","KIR3DL2*00901+KIR3DL2*00101"
"IND00383","KIR3DL3*01501+KIR3DL3*049","","KIR2DL3*00101+KIR2DL3*00501","","","","KIR2DP1*002+KIR2DP1*016","KIR2DL1*00302+KIR2DL1*001","KIR2DL4*00103+KIR2DL4*00102","KIR3DL1*008+KIR3DL1*002","","","KIR2DS4*003+KIR2DS4*00101","KIR3DL2*00901+KIR3DL2*00201"
"IND00384","KIR3DL3*00202+KIR3DL3*041","","KIR2DL3*00101+KIR2DL3*00501","","","","KIR2DP1*00201+KIR2DP1*016","KIR2DL1*00302+KIR2DL1*001","KIR2DL4*00801+KIR2DL4*00102","KIR3DL1*00101+KIR3DL1*002","","","KIR2DS4*003+KIR2DS4*00101","KIR3DL2*00101+KIR3DL2*00201"
"IND00385","KIR3DL3*01402+KIR3DL3*017","KIR2DS2*001","KIR2DL2*00101+KIR2DL3*00201","KIR2DL5B*00201+KIR2DL5A*00101","KIR2DS3*00103","KIR2DS5*00201","KIR2DP1*00102+KIR2DP1*00301","KIR2DL1*00401+KIR2DL1*00201","KIR2DL4*00501","","KIR3DS1*01301","KIR2DS1*002","","KIR3DL2*00701"
"IND00386","KIR3DL3*01306+KIR3DL3*00901","","KIR2DL3*00101+KIR2DL3*00201","","","","KIR2DP1*00203+KIR2DP1*00301","KIR2DL1*00302+KIR2DL1*00201","KIR2DL4*00802+KIR2DL4*011","KIR3DL1*00401+KIR3DL1*00501","","","KIR2DS4*006+KIR2DS4*010","KIR3DL2*020+KIR3DL2*00101"
"IND00387","KIR3DL3*017+KIR3DL3*020","","KIR2DL3*00201","","","","KIR2DP1*00301","KIR2DL1*00201","KIR2DL4*00801+KIR2DL4*00102","KIR3DL1*00101+KIR3DL1*002","","","KIR2DS4*003+KIR2DS4*00101","KIR3DL2*01101+KIR3DL2*00201"
"IND00388","KIR3DL3*00206+KIR3DL3*017","","KIR2DL3*00101+KIR2DL3*00201","KIR2DL5A*00101","","KIR2DS5*00201","KIR2DP1*00203+KIR2DP1*00301","KIR2DL1*00201","KIR2DL4*011+KIR2DL4*00501","KIR3DL1*00501","KIR3DS1*01301","KIR2DS1*002","KIR2DS4*010","KIR3DL2*023+KIR3DL2*006"
"IND00389","new","KIR2DS2*001","KIR2DL2*00301+KIR2DL3*00101","KIR2DL5A*00101","","KIR2DS5*00201","KIR2DP1*00201","KIR2DL1*00302","KIR2DL4*00102+KIR2DL4*00501","KIR3DL1*01502","KIR3DS1*01301","KIR2DS1*002","KIR2DS4*00101","KIR3DL2*00201+KIR3DL2*00701"
"IND00390","KIR3DL3*01306+KIR3DL3*00901","","KIR2DL3*00101+KIR2DL3*00201","","","","KIR2DP1*00203+KIR2DP1*00301","KIR2DL1*00302+KIR2DL1*00201","KIR2DL4*00103+KIR2DL4*00802","KIR3DL1*008+KIR3DL1*00402","","","KIR2DS4*003+KIR2DS4*006","new"
"IND00391","KIR3DL3*00901+KIR3DL3*01304","","KIR2DL3*00101+KIR2DL3*00201","KIR2DL5A*00501","KIR2DS3*00201","","KIR2DP1*00301","KIR2DL1*00302+KIR2DL1*00201","KIR2DL4*00801+KIR2DL4*00501","KIR3DL1*00101","KIR3DS1*01301","KIR2DS1*002","KIR2DS4*003","KIR3DL2*00101+KIR3DL2*00701"
