"","KIR2DL1","KIR2DL2","KIR2DL3","KIR2DL23","KIR2DL4","KIR2DL5","KIR2DP1","KIR2DS1","KIR2DS2","KIR2DS3","KIR2DS4","KIR2DS5","KIR3DL1","KIR3DL2","KIR3DL3","KIR3DP1","KIR3DS1"
"IND00001","1","1","1","1","1","0","1","0","1","0","1","0","1","1","1","1","0"
"IND00002","1","1","1","1","1","0","1","0","1","0","1","0","1","1","1","1","0"
"IND00003","1","0","1","1","1","0","1","0","0","0","1","0","1","1","1","1","1"
"IND00004","1","0","1","1","1","1","1","1","0","0","1","1","1","1","1","1","1"
"IND00005","1","0","1","1","1","0","1","0","0","0","1","0","1","1","1","1","0"
"IND00006","1","1","1","1","1","0","1","0","1","0","1","0","1","1","1","1","0"
"IND00007","1","0","1","1","1","1","1","1","0","0","0","1","0","1","1","1","1"
"IND00008","1","1","1","1","1","1","1","1","1","0","1","1","1","1","1","1","1"
"IND00009","1","1","1","1","1","1","1","1","1","1","1","1","1","1","1","1","1"
"IND00010","1","1","0","1","1","1","1","1","1","0","1","1","1","1","1","1","1"
"IND00011","1","0","1","1","1","0","1","0","0","0","1","0","1","1","1","1","0"
"IND00012","1","1","1","1","1","0","1","0","1","0","1","0","1","1","1","1","0"
"IND00013","1","0","1","1","1","0","1","0","0","0","1","0","1","1","1","1","0"
"IND00014","1","0","1","1","1","0","1","0","0","0","1","0","1","1","1","1","0"
"IND00015","1","1","1","1","1","1","1","1","1","1","1","1","1","1","1","1","1"
"IND00016","1","0","1","1","1","0","1","0","1","0","1","0","1","1","1","1","0"
"IND00017","1","0","1","1","1","0","1","0","0","0","1","0","1","1","1","1","0"
"IND00018","1","1","1","1","1","1","1","1","1","0","1","1","1","1","1","1","1"
"IND00019","1","0","1","1","1","0","1","0","0","0","1","0","1","1","1","1","0"
"IND00020","1","0","1","1","1","1","1","1","0","0","1","1","1","1","1","1","1"
"IND00021","1","0","1","1","1","0","1","0","0","0","1","0","1","1","1","1","0"
"IND00022","1","0","1","1","1","1","1","1","0","0","1","1","1","1","1","1","1"
"IND00023","1","0","1","1","1","1","1","1","0","0","1","1","1","1","1","1","1"
"IND00024","1","0","1","1","1","0","1","0","0","0","1","0","1","1","1","1","0"
"IND00025","1","0","1","1","1","1","1","1","0","0","1","1","1","1","1","1","1"
"IND00026","1","0","1","1","1","1","1","1","0","0","1","1","1","1","1","1","1"
"IND00027","1","0","1","1","1","0","1","0","0","0","1","0","1","1","1","1","0"
"IND00028","1","0","1","1","1","0","1","0","0","0","1","0","1","1","1","1","0"
"IND00029","1","1","1","1","1","1","1","1","1","1","1","1","1","1","1","1","1"
"IND00030","1","0","1","1","1","0","1","0","0","0","1","0","1","1","1","1","0"
"IND00031","0","1","0","1","1","1","0","1","1","0","1","1","1","1","1","1","0"
"IND00032","1","1","1","1","1","0","1","0","1","0","1","0","1","1","1","1","0"
"IND00033","1","1","1","1","1","1","1","1","1","1","1","1","1","1","1","1","1"
"IND00034","1","0","1","1","1","0","1","0","0","0","1","0","1","1","1","1","0"
"IND00035","1","0","1","1","1","0","1","0","0","0","1","0","1","1","1","1","0"
"IND00036","1","1","1","1","1","1","1","1","1","0","1","1","1","1","1","1","1"
"IND00037","1","0","1","1","1","1","1","1","0","0","1","1","1","1","1","1","1"
"IND00038","1","0","1","1","1","0","1","0","0","0","1","0","1","1","1","1","0"
"IND00039","1","1","1","1","1","1","1","1","1","1","1","1","1","1","1","1","1"
"IND00040","1","1","0","1","1","1","1","1","1","1","1","1","1","1","1","1","1"
"IND00041","1","0","1","1","1","1","1","1","0","0","1","1","1","1","1","1","1"
"IND00042","1","1","1","1","1","1","1","1","1","1","1","0","1","1","1","1","1"
"IND00043","1","0","1","1","1","1","1","1","0","0","1","1","1","1","1","1","1"
"IND00044","1","0","1","1","1","0","1","0","0","0","1","0","1","1","1","1","0"
"IND00045","1","1","1","1","1","1","1","1","1","1","1","0","1","1","1","1","1"
"IND00046","1","1","1","1","1","1","1","0","1","1","1","0","1","1","1","1","0"
"IND00047","1","1","1","1","1","1","1","1","1","1","1","0","1","1","1","1","1"
"IND00048","1","1","1","1","1","0","1","0","1","0","1","0","1","1","1","1","0"
"IND00049","1","1","1","1","1","1","1","1","1","1","1","0","1","1","1","1","1"
"IND00050","1","1","1","1","1","1","1","0","1","1","1","0","1","1","1","1","0"
"IND00051","1","1","1","1","1","1","1","1","1","0","1","1","1","1","1","1","0"
"IND00052","1","0","1","1","1","0","1","1","0","0","1","0","1","1","1","1","0"
"IND00053","1","1","0","1","1","1","1","1","1","1","1","1","1","1","1","1","1"
"IND00054","1","0","1","1","1","0","1","0","0","0","1","0","1","1","1","1","0"
"IND00055","1","1","0","1","1","1","1","1","1","1","1","1","1","1","1","1","1"
"IND00056","1","0","1","1","1","0","1","0","0","0","1","0","1","1","1","1","0"
"IND00057","1","0","1","1","1","1","1","1","0","1","1","0","1","1","1","1","1"
"IND00058","1","1","1","1","1","0","1","0","1","0","1","0","1","1","1","1","0"
"IND00059","1","1","1","1","1","1","1","1","1","0","1","1","1","1","1","1","1"
"IND00060","1","0","1","1","1","0","1","0","0","0","1","0","1","1","1","1","0"
"IND00061","1","0","1","1","1","1","1","1","0","0","1","1","1","1","1","1","1"
"IND00062","1","0","1","1","1","0","1","0","0","0","1","0","1","1","1","1","0"
"IND00063","1","1","1","1","1","1","1","1","1","0","0","1","0","1","1","1","1"
"IND00064","1","0","1","1","1","0","1","0","0","0","1","0","1","1","1","1","0"
"IND00065","1","0","1","1","1","0","1","0","0","0","1","0","1","1","1","1","0"
"IND00066","1","1","1","1","1","1","1","1","1","0","1","1","1","1","1","1","1"
"IND00067","1","1","1","1","1","1","1","0","1","1","1","0","1","1","1","1","0"
"IND00068","1","0","1","1","1","0","1","0","0","0","1","0","1","1","1","1","0"
"IND00069","1","0","1","1","1","1","1","1","0","0","1","1","1","1","1","1","1"
"IND00070","1","1","1","0","1","1","1","0","1","0","1","0","1","1","1","1","0"
"IND00071","1","0","1","1","1","0","1","0","0","0","1","0","1","1","1","1","0"
"IND00072","1","0","1","1","1","0","1","0","0","0","1","0","1","1","1","1","0"
"IND00073","1","1","0","1","1","1","1","0","1","1","1","0","1","1","1","1","0"
"IND00074","1","1","1","1","1","1","1","1","1","1","1","1","1","1","1","1","1"
"IND00075","1","1","1","1","1","0","1","0","1","0","1","0","1","1","1","1","0"
"IND00076","1","0","1","1","1","0","1","0","0","0","1","0","1","1","1","1","0"
"IND00077","1","0","1","1","1","0","1","0","0","0","1","0","1","1","1","1","0"
"IND00078","1","0","1","1","1","0","1","0","0","0","1","0","1","1","1","1","0"
"IND00079","1","0","1","1","1","0","1","0","0","0","1","0","1","1","1","1","0"
"IND00080","1","0","1","1","1","1","1","1","0","1","0","1","0","1","1","1","1"
"IND00081","1","0","1","1","1","0","1","0","0","0","1","0","1","1","1","1","0"
"IND00082","1","0","1","1","1","1","1","1","0","0","1","1","1","1","1","1","1"
"IND00083","1","1","1","1","1","0","1","0","1","0","1","0","1","1","1","1","0"
"IND00084","0","1","0","1","1","1","0","1","1","0","1","1","1","1","1","1","1"
"IND00085","1","1","1","1","1","0","1","0","1","0","1","0","1","1","1","1","0"
"IND00086","1","1","1","1","1","1","1","0","1","0","1","0","1","1","1","1","0"
"IND00087","1","0","1","1","1","0","1","0","0","0","1","0","1","1","1","1","0"
"IND00088","1","0","1","1","1","1","1","1","0","0","1","1","1","1","1","1","1"
"IND00089","1","1","1","1","1","1","1","1","1","1","1","1","1","1","1","1","1"
"IND00090","1","1","1","1","1","1","1","1","1","1","0","1","0","1","1","1","1"
"IND00091","failed","failed","failed","failed","failed","failed","failed","failed","failed","failed","failed","failed","failed","failed","failed","failed","failed"
"IND00092","1","1","1","1","1","1","1","1","1","1","1","1","1","1","1","1","1"
"IND00093","1","0","1","1","1","0","1","0","0","0","1","0","1","1","1","1","0"
"IND00094","1","1","1","1","1","1","1","0","1","1","1","0","1","1","1","1","0"
"IND00095","1","0","1","1","1","0","1","0","0","0","1","0","1","1","1","1","0"
"IND00096","1","1","1","1","1","1","1","1","1","0","0","1","0","1","1","1","1"
"IND00097","1","1","1","1","1","0","1","0","1","0","1","0","1","1","1","1","0"
"IND00098","1","0","1","1","1","0","1","0","0","0","1","0","1","1","1","1","0"
"IND00099","1","1","1","1","1","0","1","0","1","0","1","0","1","1","1","1","0"
"IND00101","0","1","1","1","1","1","1","1","1","0","0","1","0","1","1","1","1"
"IND00102","1","1","1","1","1","0","1","0","1","0","1","0","1","1","1","1","0"
"IND00103","1","0","1","1","1","0","1","0","0","0","1","0","1","1","1","1","0"
"IND00104","1","0","1","1","1","0","1","0","0","0","1","0","1","1","1","1","0"
"IND00105","1","1","1","1","1","1","1","1","1","0","1","1","1","1","1","1","0"
"IND00106","1","1","1","1","1","1","1","1","1","1","1","1","1","1","1","1","1"
"IND00107","1","1","1","1","1","1","1","0","1","1","1","0","1","1","1","1","1"
"IND00108","1","1","1","1","1","0","1","0","1","0","1","0","1","1","1","1","0"
"IND00109","1","1","1","1","1","0","1","0","1","0","1","0","1","1","1","1","0"
"IND00110","1","1","1","1","1","0","1","0","1","0","1","0","1","1","1","1","0"
"IND00112","1","0","1","1","1","1","1","1","0","0","1","1","1","1","1","1","1"
"IND00114","1","1","1","1","1","1","1","1","1","0","1","1","1","1","1","1","1"
"IND00115","1","0","1","1","1","0","1","0","0","0","1","0","1","1","1","1","0"
"IND00116","1","1","1","1","1","0","1","0","1","0","1","0","1","1","1","1","0"
"IND00117","1","0","1","1","1","1","1","1","0","0","1","1","1","1","1","1","1"
"IND00118","1","1","1","1","1","1","1","1","1","1","1","0","1","1","1","1","1"
"IND00119","1","1","1","1","1","0","1","0","1","0","1","0","1","1","1","1","0"
"IND00120","1","1","1","1","1","1","1","1","0","1","1","0","1","1","1","1","1"
"IND00121","1","1","1","1","1","1","1","1","1","0","1","1","1","1","1","1","1"
"IND00122","1","1","0","1","1","1","1","1","1","1","1","1","1","1","1","1","1"
"IND00123","1","1","1","1","1","0","1","0","1","0","1","0","1","1","1","1","0"
"IND00124","1","0","1","1","1","0","1","0","0","0","1","0","1","1","1","1","0"
"IND00125","1","1","1","1","1","0","1","0","1","1","1","0","1","1","1","1","1"
"IND00126","1","1","1","1","1","1","1","0","1","1","1","0","1","1","1","1","0"
"IND00127","1","1","0","1","1","1","1","1","1","1","1","1","1","1","1","1","1"
"IND00128","1","1","1","1","1","0","1","0","1","0","1","0","1","1","1","1","0"
"IND00129","1","1","1","1","1","1","1","1","1","1","1","1","1","1","1","1","1"
"IND00130","1","1","1","1","1","1","1","0","1","1","1","0","1","1","1","1","0"
"IND00131","1","1","1","1","1","1","1","0","1","1","1","0","1","1","1","1","0"
"IND00132","1","1","1","1","1","0","1","0","1","0","1","0","1","1","1","1","0"
"IND00133","1","1","0","1","1","1","1","0","1","1","1","0","1","1","1","1","0"
"IND00134","1","1","0","1","1","1","1","0","1","1","1","0","1","1","1","1","0"
"IND00135","1","0","1","1","1","0","1","0","0","0","1","0","1","1","1","1","0"
"IND00136","1","0","1","1","1","0","1","0","0","0","1","0","1","1","1","1","0"
"IND00137","1","0","1","1","1","0","1","0","0","0","1","0","1","1","1","1","0"
"IND00138","1","0","1","1","1","0","1","0","0","0","1","0","1","1","1","1","0"
"IND00139","1","0","1","1","1","0","1","0","0","0","1","0","1","1","1","1","0"
"IND00140","1","0","1","1","1","0","1","0","0","0","1","0","1","1","1","1","0"
"IND00141","1","0","1","1","1","1","1","1","0","0","1","1","1","1","1","1","1"
"IND00142","1","1","1","1","1","0","1","0","1","0","1","0","1","1","1","1","0"
"IND00143","1","0","1","1","1","0","1","0","1","1","1","0","1","1","1","1","0"
"IND00144","1","1","1","1","1","1","1","0","1","1","1","0","1","1","1","1","0"
"IND00145","1","1","1","1","1","1","1","0","1","1","1","0","1","1","1","1","0"
"IND00146","1","1","1","1","1","1","1","1","1","1","1","1","1","1","1","1","1"
"IND00147","1","0","1","1","1","0","1","0","0","0","1","0","1","1","1","1","0"
"IND00148","1","0","1","1","1","1","1","1","0","0","1","1","1","1","1","1","1"
"IND00149","1","1","1","1","1","0","1","0","1","0","1","0","1","1","1","1","0"
"IND00150","0","1","0","1","1","0","0","0","1","0","1","0","1","1","1","1","0"
"IND00151","1","1","1","1","1","0","1","0","1","0","1","0","1","1","1","1","0"
"IND00152","1","1","1","1","1","1","1","0","1","1","1","0","1","1","1","1","0"
"IND00153","1","1","1","1","1","1","1","0","1","1","1","0","1","1","1","1","0"
"IND00154","1","1","1","1","1","0","1","0","1","0","1","0","1","1","1","1","0"
"IND00155","1","0","1","1","1","1","1","1","0","0","0","1","0","1","1","1","1"
"IND00156","1","0","1","1","1","0","1","0","0","0","1","0","1","1","1","1","0"
"IND00157","0","1","0","1","1","0","0","0","1","0","1","0","1","1","1","1","0"
"IND00158","failed","failed","failed","failed","failed","failed","failed","failed","failed","failed","failed","failed","failed","failed","failed","failed","failed"
"IND00159","1","0","1","1","1","0","1","1","0","1","1","0","1","1","1","1","1"
"IND00160","0","1","0","1","1","0","0","0","1","0","1","0","1","1","1","1","0"
"IND00161","1","1","1","1","1","1","1","1","1","0","1","1","1","1","1","1","1"
"IND00162","1","0","1","1","1","0","1","0","0","0","1","0","1","1","1","1","0"
"IND00163","1","0","1","1","1","0","1","0","0","0","1","0","1","1","1","1","0"
"IND00164","1","1","1","1","1","1","1","1","1","0","1","1","1","1","1","1","1"
"IND00165","1","0","1","1","1","0","1","0","0","0","1","0","1","1","1","1","0"
"IND00166","1","1","0","1","1","1","1","1","1","1","1","1","1","1","1","1","1"
"IND00167","1","0","1","1","1","1","1","1","1","0","1","1","1","1","1","1","1"
"IND00168","1","1","1","1","1","1","1","1","1","1","1","0","1","1","1","1","0"
"IND00169","1","0","1","1","1","1","1","1","0","0","0","1","0","1","1","1","1"
"IND00170","1","0","1","1","1","1","1","1","0","0","1","1","1","1","1","1","1"
"IND00171","1","1","1","1","1","0","1","0","1","0","1","0","1","1","1","1","0"
"IND00172","1","0","1","1","1","0","1","0","0","0","1","0","1","1","1","1","0"
"IND00173","1","1","1","1","1","1","1","1","1","1","1","0","1","1","1","1","1"
"IND00174","1","0","1","1","1","0","1","0","0","0","1","0","1","1","1","1","0"
"IND00175","1","0","1","1","1","0","1","1","0","0","1","0","1","1","1","1","0"
"IND00176","1","0","1","1","1","0","1","0","0","0","1","0","1","1","1","1","0"
"IND00177","1","0","1","1","1","1","1","1","0","1","1","1","1","1","1","1","1"
"IND00178","1","0","1","1","1","0","1","0","1","0","1","0","1","1","1","1","0"
"IND00179","1","0","1","1","1","1","1","1","0","0","1","1","1","1","1","1","1"
"IND00180","1","1","1","1","1","0","1","0","1","0","1","0","1","1","1","1","0"
"IND00181","1","0","1","1","1","0","1","0","0","0","1","0","1","1","1","1","0"
"IND00182","1","0","1","1","1","1","1","1","0","1","1","0","1","1","1","1","1"
"IND00183","1","0","1","1","1","1","1","1","0","0","1","1","1","1","1","1","1"
"IND00184","1","0","1","1","1","0","1","0","0","0","1","0","1","1","1","1","0"
"IND00185","1","0","1","1","1","0","1","0","0","0","1","0","1","1","1","1","0"
"IND00186","1","0","1","1","1","0","1","0","0","0","1","0","1","1","1","1","0"
"IND00188","1","0","1","1","1","0","1","0","0","0","1","0","1","1","1","1","0"
"IND00189","1","1","1","1","1","1","1","1","1","1","0","1","0","1","1","1","1"
"IND00190","1","0","1","1","1","1","1","1","0","0","1","1","1","1","1","1","1"
"IND00191","1","0","1","1","1","1","1","1","0","0","1","1","1","1","1","1","1"
"IND00192","0","1","0","1","1","0","0","0","1","0","1","0","1","1","1","1","0"
"IND00193","1","0","1","1","1","0","1","0","0","0","1","0","1","1","1","1","0"
"IND00194","failed","failed","failed","failed","failed","failed","failed","failed","failed","failed","failed","failed","failed","failed","failed","failed","failed"
"IND00195","1","1","1","1","1","1","1","1","1","1","1","0","1","1","1","1","1"
"IND00196","1","0","1","1","1","1","1","1","0","0","1","1","1","1","1","1","1"
"IND00197","1","0","1","1","1","0","1","0","0","0","1","0","1","1","1","1","0"
"IND00198","1","0","1","1","1","0","1","0","0","0","1","0","1","1","1","1","1"
"IND00199","1","1","0","1","1","0","1","0","1","1","1","0","1","1","1","1","0"
"IND00200","1","1","1","1","1","0","1","0","1","0","1","0","1","1","1","1","0"
"IND00201","1","1","1","1","1","0","1","0","1","0","1","0","1","1","1","1","0"
"IND00202","1","0","1","1","1","0","1","0","0","0","1","0","1","1","1","1","0"
"IND00203","1","1","0","1","1","1","1","1","1","1","1","0","1","1","1","1","1"
"IND00204","1","1","1","1","1","1","1","1","1","0","1","1","1","1","1","1","1"
"IND00205","1","0","1","1","1","0","1","0","1","0","1","0","1","1","1","1","0"
"IND00206","1","1","1","1","1","0","1","0","1","0","1","0","1","1","1","1","0"
"IND00207","1","1","1","1","1","1","1","0","1","1","1","0","1","1","1","1","0"
"IND00208","1","0","1","1","1","1","1","1","0","0","1","1","1","1","1","1","1"
"IND00209","1","0","1","1","1","0","1","0","0","0","1","0","1","1","1","1","0"
"IND00210","1","0","1","1","1","0","1","0","0","0","1","0","1","1","1","1","0"
"IND00211","1","1","1","1","1","1","1","1","1","1","1","0","1","1","1","1","1"
"IND00212","1","0","1","1","1","0","1","0","0","0","1","0","1","1","1","1","0"
"IND00213","1","1","1","1","1","1","1","1","1","1","1","0","1","1","1","1","1"
"IND00214","1","1","1","1","1","1","1","1","1","1","1","1","1","1","1","1","1"
"IND00215","1","0","1","1","1","1","1","1","0","0","0","1","0","1","1","1","1"
"IND00216","1","1","1","1","1","1","1","0","1","1","1","0","1","1","1","1","0"
"IND00217","1","1","1","1","1","1","1","1","1","1","1","1","1","1","1","1","1"
"IND00218","1","1","1","1","1","1","1","1","1","1","1","0","1","1","1","1","1"
"IND00219","1","1","1","1","1","1","1","1","1","0","1","1","1","1","1","1","1"
"IND00220","1","1","1","1","1","1","1","0","1","1","1","0","1","1","1","1","0"
"IND00221","1","0","1","1","1","1","1","1","0","0","1","1","1","1","1","1","1"
"IND00222","1","0","1","1","1","1","1","1","0","1","0","1","0","1","1","1","1"
"IND00223","1","0","1","1","1","1","1","1","0","0","0","1","0","1","1","1","1"
"IND00224","1","1","1","1","1","1","1","1","1","0","1","1","1","1","1","1","1"
"IND00225","0","1","0","1","1","0","0","0","1","0","1","0","1","1","1","1","0"
"IND00226","1","0","1","1","1","1","1","1","0","0","0","1","0","1","1","1","1"
"IND00227","1","0","1","1","1","1","1","1","0","0","1","1","1","1","1","1","1"
"IND00228","1","0","1","1","1","0","1","0","0","0","1","0","1","1","1","1","0"
"IND00229","1","0","1","1","1","1","1","1","0","1","1","1","1","1","1","1","1"
"IND00230","1","0","1","1","1","1","1","1","0","0","1","1","1","1","1","1","1"
"IND00231","1","1","1","1","1","1","1","1","1","1","1","0","1","1","1","1","1"
"IND00232","1","0","1","1","1","0","1","0","0","0","1","0","1","1","1","1","0"
"IND00233","1","1","1","1","1","1","1","1","1","1","1","1","1","1","1","1","1"
"IND00234","1","0","1","1","1","0","1","0","0","0","1","0","1","1","1","1","0"
"IND00235","1","1","1","1","1","1","1","1","1","1","1","0","1","1","1","1","1"
"IND00236","1","0","1","1","1","0","1","0","0","0","1","0","1","1","1","1","0"
"IND00237","1","0","1","1","1","0","1","0","0","0","1","0","1","1","1","1","0"
"IND00238","1","0","1","1","1","0","1","0","0","0","1","0","1","1","1","1","0"
"IND00239","1","0","1","1","1","0","1","0","0","0","1","0","1","1","1","1","0"
"IND00240","1","1","1","1","1","1","1","1","1","1","1","1","1","1","1","1","1"
"IND00241","1","0","1","1","1","0","1","0","0","0","1","0","1","1","1","1","0"
"IND00242","0","1","0","1","1","0","0","0","1","0","1","0","1","1","1","1","0"
"IND00243","1","1","1","1","1","1","1","1","1","0","1","1","1","1","1","1","1"
"IND00244","1","1","1","1","1","1","1","1","1","1","1","1","1","1","1","1","1"
"IND00245","1","1","1","1","1","0","1","0","1","0","1","0","1","1","1","1","0"
"IND00246","1","0","1","1","1","0","1","0","0","0","1","0","1","1","1","1","0"
"IND00247","1","1","1","1","1","1","1","1","1","0","1","1","1","1","1","1","1"
"IND00248","1","1","1","1","1","0","1","0","1","0","1","0","1","1","1","1","0"
"IND00249","1","1","1","1","1","1","1","1","1","1","1","0","1","1","1","1","1"
"IND00250","1","1","1","1","1","0","1","0","1","0","1","0","1","1","1","1","0"
"IND00251","1","0","1","1","1","1","1","1","0","0","1","1","1","1","1","1","1"
"IND00252","1","1","1","1","1","0","1","0","1","0","1","0","1","1","1","1","0"
"IND00253","1","1","1","1","1","0","1","0","1","0","1","0","1","1","1","1","0"
"IND00254","1","1","1","1","1","0","1","0","1","0","1","0","1","1","1","1","0"
"IND00255","1","0","1","0","1","0","1","0","1","0","1","0","1","1","1","1","0"
"IND00256","1","1","1","1","1","1","1","1","1","1","1","1","1","1","1","1","1"
"IND00257","1","1","1","1","1","1","1","0","0","0","1","1","1","1","1","1","0"
"IND00258","1","1","1","1","1","0","1","0","1","0","1","0","1","1","1","1","0"
"IND00259","1","1","0","1","1","1","1","0","1","1","1","0","1","1","1","1","0"
"IND00260","1","0","1","1","1","1","1","1","0","0","1","1","1","1","1","1","1"
"IND00261","1","0","1","1","1","1","1","1","0","0","1","1","1","1","1","1","1"
"IND00262","1","0","1","1","1","0","1","0","0","0","1","0","1","1","1","1","0"
"IND00263","1","0","1","1","1","0","1","0","0","0","1","0","1","1","1","1","0"
"IND00264","1","0","1","1","1","0","1","0","0","0","1","0","1","1","1","1","0"
"IND00265","1","1","1","1","1","1","1","0","1","1","1","0","1","1","1","1","1"
"IND00266","1","1","1","1","1","0","1","0","1","0","1","0","1","1","1","1","0"
"IND00267","1","0","1","1","1","1","1","1","0","0","1","1","1","1","1","1","1"
"IND00268","1","1","0","1","1","1","1","1","1","1","0","1","0","1","1","1","1"
"IND00269","1","1","1","1","1","0","1","0","1","0","1","0","1","1","1","1","0"
"IND00270","1","1","1","1","1","0","1","0","1","0","1","0","1","1","1","1","0"
"IND00271","failed","failed","failed","failed","failed","failed","failed","failed","failed","failed","failed","failed","failed","failed","failed","failed","failed"
"IND00272","1","1","1","1","1","1","1","0","1","1","1","0","1","1","1","1","0"
"IND00273","1","0","1","1","1","0","1","0","0","0","1","0","1","1","1","1","0"
"IND00274","1","0","1","1","1","0","1","0","0","0","1","0","1","1","1","1","0"
"IND00275","1","1","1","1","1","1","1","1","1","0","1","1","1","1","1","1","1"
"IND00276","1","1","1","1","1","1","1","0","1","1","1","0","1","1","1","1","0"
"IND00277","1","1","1","1","1","1","1","0","1","1","1","0","1","1","1","1","1"
"IND00278","1","0","1","1","1","0","1","0","0","0","1","0","1","1","1","1","0"
"IND00279","1","0","1","1","1","0","1","0","0","0","1","0","1","1","1","1","0"
"IND00280","1","1","1","1","1","1","1","1","1","0","1","1","1","1","1","1","1"
"IND00281","1","0","1","1","1","1","1","1","0","1","1","0","1","1","1","1","1"
"IND00282","1","1","1","1","1","1","1","1","1","1","1","1","1","1","1","1","1"
"IND00283","1","1","1","1","1","1","1","1","1","0","1","1","1","1","1","1","1"
"IND00284","1","0","1","1","1","0","1","0","0","0","1","0","1","1","1","1","0"
"IND00285","1","1","1","1","1","0","1","0","1","0","1","0","1","1","1","1","0"
"IND00286","1","0","1","1","1","1","1","1","0","1","1","0","1","1","1","1","1"
"IND00287","1","0","1","1","1","1","1","1","0","0","1","1","1","1","1","1","1"
"IND00288","1","0","1","1","1","1","1","1","0","0","1","1","1","1","1","1","1"
"IND00289","1","1","1","1","1","1","1","1","1","1","1","1","1","1","1","1","1"
"IND00290","1","0","1","1","1","0","1","0","0","0","1","0","1","1","1","1","0"
"IND00291","1","0","1","1","1","0","1","0","0","0","1","0","1","1","1","1","0"
"IND00292","1","0","1","1","1","0","1","0","0","0","1","0","1","1","1","1","0"
"IND00293","1","1","1","1","1","0","1","0","1","1","1","0","1","1","1","1","1"
"IND00294","1","0","1","1","1","0","1","0","0","0","1","0","1","1","1","1","0"
"IND00295","1","0","1","1","1","0","1","0","0","0","1","0","1","1","1","1","0"
"IND00296","1","1","1","1","1","1","1","1","1","1","0","1","0","1","1","1","1"
"IND00297","1","0","1","1","1","1","1","1","0","0","0","1","0","1","1","1","1"
"IND00298","1","1","1","1","1","1","1","0","1","1","1","0","1","1","1","1","0"
"IND00299","1","0","1","1","1","0","1","0","0","0","1","0","1","1","1","1","0"
"IND00301","1","0","1","1","1","0","1","0","0","0","1","0","1","1","1","1","0"
"IND00302","1","1","1","1","1","1","1","1","1","1","1","0","1","1","1","1","1"
"IND00303","1","1","1","1","1","1","1","0","1","1","1","0","1","1","1","1","0"
"IND00304","1","0","1","1","1","1","1","1","0","0","1","1","1","1","1","1","1"
"IND00305","0","1","0","1","1","0","0","0","1","0","1","0","1","1","1","1","0"
"IND00306","1","1","1","1","1","1","1","1","1","0","1","1","1","1","1","1","1"
"IND00307","1","0","1","1","1","1","1","1","0","0","1","1","1","1","1","1","1"
"IND00308","1","0","1","1","1","1","1","1","0","1","1","0","1","1","1","1","1"
"IND00309","1","0","1","1","1","0","1","0","0","0","1","0","1","1","1","1","0"
"IND00310","1","0","1","1","1","1","1","1","0","0","1","1","1","1","1","1","1"
"IND00311","1","0","1","1","1","1","1","1","0","0","1","1","1","1","1","1","1"
"IND00312","1","0","1","1","1","0","1","0","0","0","1","0","1","1","1","1","0"
"IND00313","1","0","1","1","1","0","1","0","0","0","1","0","1","1","1","1","0"
"IND00314","1","0","1","1","1","0","1","0","0","0","1","0","1","1","1","1","0"
"IND00315","1","1","1","1","1","1","1","1","1","0","1","1","1","1","1","1","1"
"IND00316","1","0","1","1","1","0","1","0","0","0","1","0","1","1","1","1","0"
"IND00317","1","0","1","1","1","0","1","0","0","0","1","0","1","1","1","1","0"
"IND00318","1","0","1","1","1","0","1","0","0","0","1","0","1","1","1","1","0"
"IND00319","1","1","1","1","1","1","1","1","1","1","1","0","1","1","1","1","1"
"IND00320","1","0","1","1","1","0","1","0","0","0","1","0","1","1","1","1","0"
"IND00321","1","0","1","1","1","1","1","1","0","0","1","1","1","1","1","1","1"
"IND00322","1","0","1","1","1","1","1","1","0","0","1","1","1","1","1","1","1"
"IND00323","1","0","1","1","1","1","1","1","0","0","0","1","0","1","1","1","1"
"IND00324","1","1","1","1","1","1","1","1","1","0","1","1","1","1","1","1","1"
"IND00325","1","0","1","1","1","1","1","1","0","0","1","1","1","1","1","1","1"
"IND00326","1","1","0","1","1","1","1","1","1","1","1","1","1","1","1","1","1"
"IND00327","1","0","1","1","1","0","1","0","0","0","1","0","1","1","1","1","0"
"IND00328","1","0","1","1","1","0","1","0","0","0","1","0","1","1","1","1","0"
"IND00329","1","1","1","1","1","1","1","1","1","1","1","0","1","1","1","1","1"
"IND00330","1","1","1","1","1","1","1","0","1","1","1","0","1","1","1","1","0"
"IND00331","1","0","1","1","1","0","1","0","0","0","1","0","1","1","1","1","0"
"IND00332","1","0","1","1","1","0","1","0","0","0","1","0","1","1","1","1","0"
"IND00333","1","1","1","1","1","1","1","1","1","1","1","0","1","1","1","1","1"
"IND00334","1","1","1","1","1","0","1","0","1","0","1","0","1","1","1","1","0"
"IND00335","1","0","1","1","1","0","1","0","0","0","1","0","1","1","1","1","0"
"IND00336","1","1","1","1","1","0","1","0","1","0","1","0","1","1","1","1","0"
"IND00337","1","0","1","1","1","1","1","1","0","0","1","1","1","1","1","1","1"
"IND00338","1","0","1","1","1","0","1","0","0","0","1","0","1","1","1","1","0"
"IND00339","1","1","1","1","1","0","1","0","1","0","1","0","1","1","1","1","0"
"IND00340","1","0","1","1","1","0","1","0","0","0","1","0","1","1","1","1","0"
"IND00341","1","1","1","1","1","0","1","0","1","0","1","0","1","1","1","1","0"
"IND00342","1","0","1","1","1","0","1","0","0","0","1","0","1","1","1","1","0"
"IND00343","1","0","1","1","1","1","1","1","0","0","1","1","1","1","1","1","1"
"IND00344","1","0","1","1","1","0","1","0","0","0","1","0","1","1","1","1","0"
"IND00345","1","1","1","1","1","1","1","1","1","1","1","1","1","1","1","1","1"
"IND00346","1","0","1","1","1","1","1","1","0","0","1","1","1","1","1","1","1"
"IND00347","0","1","0","1","1","0","0","0","1","0","1","0","1","1","1","1","0"
"IND00348","1","1","1","1","1","1","1","0","1","1","1","0","1","1","1","1","0"
"IND00349","1","0","1","1","1","0","1","0","0","0","1","0","1","1","1","1","0"
"IND00350","1","1","1","1","1","0","1","0","1","0","1","0","1","1","1","1","0"
"IND00351","1","1","1","1","1","0","1","0","1","0","1","0","1","1","1","1","0"
"IND00352","1","0","1","1","1","0","1","0","0","0","1","0","1","1","1","1","0"
"IND00353","1","0","1","1","1","0","1","0","0","0","1","0","1","1","1","1","0"
"IND00354","1","1","1","1","1","0","1","0","1","0","1","0","1","1","1","1","0"
"IND00355","1","0","1","1","1","0","1","0","0","0","1","0","1","1","1","1","0"
"IND00356","1","0","1","1","1","0","1","0","0","0","1","0","1","1","1","1","0"
"IND00357","1","1","1","1","1","1","1","0","1","1","1","0","1","1","1","1","1"
"IND00358","1","1","1","1","1","1","1","1","1","1","0","1","0","1","1","1","1"
"IND00359","1","0","1","1","1","0","1","0","0","0","1","0","1","1","1","1","0"
"IND00360","0","1","0","1","1","1","0","1","1","0","1","1","1","1","1","1","1"
"IND00361","1","0","1","1","1","0","1","0","0","0","1","0","1","1","1","1","0"
"IND00362","1","1","1","1","1","1","1","0","1","1","1","0","1","1","1","1","0"
"IND00363","1","0","1","1","1","0","1","0","0","0","1","0","1","1","1","1","0"
"IND00364","1","1","1","1","1","0","1","0","1","0","1","0","1","1","1","1","0"
"IND00365","1","1","0","1","1","1","1","1","1","1","0","1","0","1","1","1","1"
"IND00366","1","1","1","1","1","1","1","1","1","0","1","1","1","1","1","1","1"
"IND00367","0","1","0","1","1","0","0","0","1","0","1","0","1","1","1","1","0"
"IND00368","1","0","1","1","1","0","1","0","0","0","1","0","1","1","1","1","0"
"IND00369","0","1","0","1","1","0","0","0","1","0","1","0","1","1","1","1","0"
"IND00370","1","1","1","1","1","0","1","0","1","0","1","0","1","1","1","1","0"
"IND00371","1","1","1","1","1","1","1","1","1","0","1","1","1","1","1","1","1"
"IND00372","1","1","1","1","1","1","1","1","1","1","1","1","1","1","1","1","1"
"IND00373","1","1","1","1","1","1","1","1","1","0","0","1","0","1","1","1","1"
"IND00374","1","1","0","1","1","1","1","1","1","1","1","1","1","1","1","1","0"
"IND00375","1","0","1","1","1","1","1","1","0","0","1","1","1","1","1","1","1"
"IND00376","1","1","1","1","1","1","1","1","1","0","1","1","1","1","1","1","1"
"IND00377","1","1","1","1","1","0","1","0","1","0","1","0","1","1","1","1","0"
"IND00378","1","1","1","1","1","1","1","0","1","1","1","0","1","1","1","1","0"
"IND00379","1","0","1","1","1","0","1","0","0","0","1","0","1","1","1","1","0"
"IND00380","1","0","1","1","1","0","1","0","0","0","1","0","1","1","1","1","0"
"IND00381","1","0","1","1","1","1","1","1","0","0","1","1","1","1","1","1","1"
"IND00382","1","0","1","1","1","0","1","0","0","0","1","0","1","1","1","1","0"
"IND00383","1","0","1","1","1","0","1","0","0","0","1","0","1","1","1","1","0"
"IND00384","1","0","1","1","1","0","1","0","0","0","1","0","1","1","1","1","0"
"IND00385","1","1","1","1","1","1","1","1","1","1","0","1","0","1","1","1","1"
"IND00386","1","0","1","1","1","0","1","0","0","0","1","0","1","1","1","1","0"
"IND00387","1","0","1","1","1","0","1","0","0","0","1","0","1","1","1","1","0"
"IND00388","1","0","1","1","1","1","1","1","0","0","1","1","1","1","1","1","1"
"IND00389","1","1","1","1","1","1","1","1","1","0","1","1","1","1","1","1","1"
"IND00390","1","0","1","1","1","0","1","0","0","0","1","0","1","1","1","1","0"
"IND00391","1","0","1","1","1","1","1","1","0","1","1","0","1","1","1","1","1"
