"","KIR3DP1","KIR2DS5","KIR2DL3","KIR2DP1","KIR2DS3","KIR2DS2","KIR2DL4","KIR3DL3","KIR3DL1","KIR3DS1","KIR2DL2","KIR3DL2","KIR2DS4","KIR2DL1","KIR2DS1","KIR2DL5"
"IND00001","2","0","1","1","0","1","2","2","2","0","1","2","2","1","0","0"
"IND00002","2","0","1","1","0","1","2","2","2","0","1","2","2","1","0","0"
"IND00003","2","0","2","2","0","0","2","2","2","0","0","2","2","2","0","0"
"IND00004","2","1","2","2","0","0","2","2","1","1","0","2","1","2","1","1"
"IND00005","2","0","2","2","0","0","2","2","2","0","0","2","2","2","0","0"
"IND00006","2","0","1","1","0","1","2","2","2","0","1","2","2","1","0","0"
"IND00007","2","2","2","2","0","0","2","2","0","2","0","2","0","2","2","2"
"IND00008","2","1","1","1","0","1","2","2","1","1","1","2","1","1","1","1"
"IND00009","2","1","1","2","1","1","2","2","1","1","1","2","1","2","1","2"
"IND00010","2","1","0","1","0","2","2","2","1","1","1","2","1","1","1","1"
"IND00011","2","0","2","2","0","0","2","2","2","0","0","2","2","2","0","0"
"IND00012","2","0","1","1","0","1","2","2","2","0","1","2","2","1","0","0"
"IND00013","2","0","2","2","0","0","2","2","2","0","0","2","2","2","0","0"
"IND00014","2","0","2","2","0","0","2","2","2","0","0","2","2","2","0","0"
"IND00015","2","1","1","2","1","1","2","2","1","1","1","2","1","2","1","2"
"IND00016","2","0","1","1","0","1","2","2","2","0","0","2","2","1","0","0"
"IND00017","2","0","2","2","0","0","2","2","2","0","0","2","2","2","0","0"
"IND00018","2","1","1","1","0","1","2","2","1","1","1","2","1","1","1","1"
"IND00019","2","0","2","2","0","0","2","2","2","0","0","2","2","2","0","0"
"IND00020","2","1","2","2","0","0","2","2","1","1","0","2","1","2","1","1"
"IND00021","2","0","2","2","0","0","2","2","2","0","0","2","2","2","0","0"
"IND00022","2","1","2","2","0","0","2","2","1","1","0","2","1","2","1","1"
"IND00023","2","1","2","2","0","0","2","2","1","1","0","2","1","2","1","1"
"IND00024","2","0","2","2","0","0","2","2","2","0","0","2","2","2","0","0"
"IND00025","2","1","2","2","0","0","2","2","1","1","0","2","1","2","1","1"
"IND00026","2","1","2","2","0","0","2","2","1","1","0","2","1","2","1","1"
"IND00027","2","0","2","2","0","0","2","2","2","0","0","2","2","2","0","0"
"IND00028","2","0","2","2","0","0","2","2","2","0","0","2","2","2","0","0"
"IND00029","3","1","1","2","1","1","3","2","1","2","1","2","1","2","1","2"
"IND00030","2","0","2","2","0","0","2","2","2","0","0","2","2","2","0","0"
"IND00031","1","1","0","0","0","2","1","2","1","0","2","2","1","0","1","1"
"IND00032","2","0","1","1","0","1","2","2","2","0","1","2","2","1","0","0"
"IND00033","2","1","1","2","1","1","2","2","1","1","1","2","1","2","1","2"
"IND00034","2","0","2","2","0","0","2","2","2","0","0","2","2","2","0","0"
"IND00035","2","0","2","2","0","0","2","2","2","0","0","2","2","2","0","0"
"IND00036","2","1","1","1","0","1","2","2","1","1","1","2","1","1","1","1"
"IND00037","2","1","2","2","0","0","2","2","1","1","0","2","1","2","1","1"
"IND00038","2","0","2","2","0","0","2","2","2","0","0","2","2","2","0","0"
"IND00039","2","1","1","2","1","1","2","2","1","1","1","2","1","2","1","2"
"IND00040","2","1","0","1","1","2","2","2","1","1","2","2","1","1","1","2"
"IND00041","2","1","2","2","0","0","2","2","1","1","0","2","1","2","1","1"
"IND00042","2","0","1","2","2","1","2","2","1","1","1","2","1","2","1","2"
"IND00043","2","1","2","2","0","0","2","2","1","1","0","2","1","2","1","1"
"IND00044","2","0","2","2","0","0","2","2","2","0","0","2","2","2","0","0"
"IND00045","2","0","1","2","2","1","2","2","1","1","1","2","1","2","1","2"
"IND00046","2","0","1","2","1","1","2","2","2","0","1","2","2","2","0","1"
"IND00047","2","0","1","2","2","1","2","2","1","1","1","2","1","2","1","2"
"IND00048","2","0","1","1","0","1","2","2","2","0","1","2","2","1","0","0"
"IND00049","2","0","1","2","2","1","2","2","1","1","1","2","1","2","1","2"
"IND00050","2","0","1","2","1","1","2","2","2","0","1","2","2","2","0","1"
"IND00051","1","1","1","1","0","1","1","2","1","0","1","2","1","1","1","1"
"IND00052","1","0","2","2","0","0","1","2","1","0","0","1","1","1","1","0"
"IND00053","2","1","0","1","1","2","2","2","1","1","2","2","1","1","1","2"
"IND00054","2","0","2","2","0","0","2","2","2","0","0","2","2","2","0","0"
"IND00055","2","1","0","1","1","2","2","2","1","1","2","2","1","1","1","2"
"IND00056","1","0","2","2","0","0","1","2","1","0","0","2","1","2","0","0"
"IND00057","2","0","2","2","1","0","2","2","1","1","0","2","1","2","1","1"
"IND00058","2","0","1","1","0","1","2","2","2","0","1","2","2","1","0","0"
"IND00059","2","1","1","1","0","1","2","2","1","1","1","2","1","1","1","1"
"IND00060","2","0","2","2","0","0","2","2","2","0","0","2","2","2","0","0"
"IND00061","2","1","2","2","0","0","2","2","1","1","0","2","1","2","1","1"
"IND00062","2","0","2","2","0","0","2","2","2","0","0","2","2","2","0","0"
"IND00063","2","2","1","1","0","1","2","2","0","2","1","2","0","1","2","2"
"IND00064","2","0","2","2","0","0","2","2","2","0","0","2","2","2","0","0"
"IND00065","2","0","2","2","0","0","2","2","2","0","0","2","2","2","0","0"
"IND00066","2","1","1","1","0","1","2","2","1","1","1","2","1","1","1","1"
"IND00067","2","0","1","2","1","1","2","2","2","0","1","2","2","2","0","1"
"IND00068","2","0","2","2","0","0","2","2","2","0","0","2","2","2","0","0"
"IND00069","2","1","2","2","0","0","2","2","1","1","0","2","1","2","1","1"
"IND00070","1","0","1","1","1","1","1","2","2","0","1","2","2","1","0","1"
"IND00071","2","0","2","2","0","0","2","2","2","0","0","2","2","2","0","0"
"IND00072","2","0","2","2","0","0","2","2","2","0","0","2","2","2","0","0"
"IND00073","2","0","0","2","2","2","2","2","2","0","2","2","2","2","0","2"
"IND00074","2","1","1","2","1","1","2","2","1","1","1","2","2","2","1","2"
"IND00075","2","0","1","1","0","1","2","2","2","0","1","2","2","1","0","0"
"IND00076","2","0","2","2","0","0","2","2","2","0","0","2","2","2","0","0"
"IND00077","2","0","2","2","0","0","2","2","2","0","0","2","2","2","0","0"
"IND00078","2","0","2","2","0","0","2","2","2","0","0","2","2","2","0","0"
"IND00079","2","0","2","2","0","0","2","2","2","0","0","2","2","2","0","0"
"IND00080","2","1","2","2","1","0","2","2","0","2","0","2","0","2","2","2"
"IND00081","2","0","2","2","0","0","2","2","2","0","0","2","2","2","0","0"
"IND00082","2","1","2","2","0","0","2","2","1","1","0","2","1","2","1","1"
"IND00083","2","0","1","1","0","1","2","2","2","0","1","2","2","1","0","0"
"IND00084","2","1","0","0","0","2","2","2","1","1","2","2","1","0","1","1"
"IND00085","2","0","1","1","0","1","2","2","2","0","1","2","2","1","0","0"
"IND00086","2","0","2","2","0","1","2","2","2","0","1","2","2","2","0","0"
"IND00087","2","0","2","2","0","0","2","2","2","0","0","2","2","2","0","0"
"IND00088","2","1","2","2","0","0","2","2","1","1","0","2","1","2","1","1"
"IND00089","2","1","1","2","1","1","2","2","1","1","1","2","1","2","1","2"
"IND00090","2","1","1","2","2","1","2","2","0","2","1","2","0","2","2","3"
"IND00091","failed","failed","failed","failed","failed","failed","failed","failed","failed","failed","failed","failed","failed","failed","failed","failed"
"IND00092","2","1","1","2","1","1","2","2","1","1","1","2","1","2","1","2"
"IND00093","2","0","2","2","0","0","2","2","2","0","0","2","2","2","0","0"
"IND00094","2","0","1","2","1","1","2","2","2","0","1","2","2","2","0","1"
"IND00095","2","0","2","2","0","0","2","2","2","0","0","2","2","2","0","0"
"IND00096","2","2","1","1","0","1","2","2","0","2","1","2","0","1","2","2"
"IND00097","2","0","1","1","0","1","2","2","2","0","1","2","2","1","0","0"
"IND00098","2","0","2","2","0","0","2","2","2","0","0","2","2","2","0","0"
"IND00099","2","0","1","1","0","1","2","2","2","0","1","2","2","1","0","0"
"IND00101","1","1","1","1","0","1","1","2","0","1","1","1","0","0","2","1"
"IND00102","2","0","1","1","0","1","2","2","2","0","1","2","2","1","0","0"
"IND00103","2","0","2","2","0","0","2","2","2","0","0","2","2","2","0","0"
"IND00104","2","0","2","2","0","0","2","2","2","0","0","2","2","2","0","0"
"IND00105","1","1","1","1","0","1","1","2","1","0","1","2","1","1","1","1"
"IND00106","2","1","1","2","1","1","2","2","1","1","1","2","1","2","1","2"
"IND00107","3","0","1","2","1","1","3","2","2","1","1","2","2","2","0","1"
"IND00108","2","0","1","1","0","1","2","2","2","0","1","2","2","1","0","0"
"IND00109","2","0","1","1","0","1","2","2","2","0","1","2","2","1","0","0"
"IND00110","2","0","1","1","0","1","2","2","2","0","1","2","2","1","0","0"
"IND00112","2","1","2","2","0","0","2","2","1","1","0","2","1","2","1","1"
"IND00114","2","1","1","1","0","1","2","2","1","1","1","2","1","1","1","1"
"IND00115","2","0","2","2","0","0","2","2","2","0","0","2","2","2","0","0"
"IND00116","2","0","1","1","0","1","2","2","2","0","1","2","2","1","0","0"
"IND00117","2","1","2","2","0","0","2","2","1","1","0","2","1","2","1","1"
"IND00118","2","0","0","1","2","2","2","2","1","1","2","2","1","1","1","2"
"IND00119","2","0","1","1","0","1","2","2","2","0","1","2","2","1","0","0"
"IND00120","2","0","1","2","2","1","2","2","1","1","1","2","1","2","1","2"
"IND00121","2","1","1","1","0","1","2","2","1","1","1","2","1","1","1","1"
"IND00122","2","1","0","1","1","2","2","2","1","1","2","2","1","1","1","2"
"IND00123","2","0","1","1","0","1","2","2","2","0","1","2","2","1","0","0"
"IND00124","2","0","2","2","0","0","2","2","2","0","0","2","2","2","0","0"
"IND00125","3","0","1","2","1","1","3","2","2","1","1","2","2","2","0","1"
"IND00126","2","0","1","2","1","1","2","2","2","0","1","2","2","2","0","1"
"IND00127","2","1","0","2","2","2","2","2","1","1","2","2","1","2","1","3"
"IND00128","2","0","1","1","0","1","2","2","2","0","1","2","2","1","0","0"
"IND00129","2","1","1","2","1","1","2","2","1","1","1","2","1","2","1","2"
"IND00130","2","0","1","2","1","1","2","2","2","0","1","2","2","2","0","1"
"IND00131","2","0","1","2","1","1","2","2","2","0","1","2","2","2","0","1"
"IND00132","2","0","1","1","0","1","2","2","2","0","1","2","2","1","0","0"
"IND00133","2","0","0","2","2","2","2","2","2","0","2","2","2","2","0","2"
"IND00134","2","0","0","1","1","2","2","2","2","0","2","2","2","1","0","1"
"IND00135","2","0","2","2","0","0","2","2","2","0","0","2","2","2","0","0"
"IND00136","2","0","2","2","0","0","2","2","2","0","0","2","2","2","0","0"
"IND00137","2","0","2","2","0","0","2","2","2","0","0","2","2","2","0","0"
"IND00138","2","0","2","2","0","0","2","2","2","0","0","2","2","2","0","0"
"IND00139","2","0","2","2","0","0","2","2","2","0","0","2","2","2","0","0"
"IND00140","2","0","2","2","0","0","2","2","2","0","0","2","2","2","0","0"
"IND00141","2","1","2","2","0","0","2","2","1","1","0","2","1","2","1","1"
"IND00142","2","0","1","1","0","1","2","2","2","0","1","2","2","1","0","0"
"IND00143","2","0","2","2","0","0","2","2","2","0","0","2","2","2","0","0"
"IND00144","2","0","1","2","1","1","2","2","2","0","1","2","2","2","0","1"
"IND00145","2","0","1","2","1","1","2","2","2","0","1","2","2","2","0","1"
"IND00146","2","1","1","2","1","1","2","2","1","1","1","2","1","2","1","2"
"IND00147","2","0","2","2","0","0","2","2","2","0","0","2","2","2","0","0"
"IND00148","2","1","2","2","0","0","2","2","1","1","0","2","1","2","1","1"
"IND00149","2","0","1","1","0","1","2","2","2","0","1","2","2","1","0","0"
"IND00150","2","0","0","0","0","2","2","2","2","0","2","2","2","0","0","0"
"IND00151","2","0","1","1","0","1","2","2","2","0","1","2","2","1","0","0"
"IND00152","2","0","1","2","1","1","2","2","2","0","1","2","2","2","0","1"
"IND00153","2","0","1","2","1","1","2","2","2","0","1","2","2","2","0","1"
"IND00154","2","0","1","1","0","1","2","2","2","0","1","2","2","1","0","0"
"IND00155","2","2","2","2","0","0","2","2","0","2","0","2","0","2","2","2"
"IND00156","2","0","2","2","0","0","2","2","2","0","0","2","2","2","0","0"
"IND00157","2","0","0","0","0","2","2","2","2","0","2","2","2","0","0","0"
"IND00158","failed","failed","failed","failed","failed","failed","failed","failed","failed","failed","failed","failed","failed","failed","failed","failed"
"IND00159","2","0","2","2","1","0","2","2","1","1","0","2","1","2","1","1"
"IND00160","2","0","0","0","0","2","2","2","2","0","2","2","2","0","0","0"
"IND00161","3","2","1","1","0","1","3","2","1","2","2","2","1","1","1","2"
"IND00162","2","0","2","2","0","0","2","2","2","0","0","2","2","2","0","0"
"IND00163","2","0","2","2","0","0","2","2","2","0","0","2","2","2","0","0"
"IND00164","2","1","1","1","0","1","2","2","1","1","1","2","1","1","1","1"
"IND00165","2","0","2","2","0","0","2","2","2","0","0","2","2","2","0","0"
"IND00166","2","1","0","2","1","1","2","2","1","1","1","2","1","2","1","2"
"IND00167","2","1","2","2","0","1","2","2","1","1","0","2","1","2","1","1"
"IND00168","1","0","1","2","1","1","1","2","1","0","1","2","1","1","1","1"
"IND00169","2","2","2","2","0","0","2","2","0","2","0","2","0","2","2","2"
"IND00170","2","1","2","2","0","0","2","2","1","1","0","2","1","2","1","1"
"IND00171","2","0","1","1","0","1","2","2","2","0","1","2","2","1","0","0"
"IND00172","2","0","2","2","0","0","2","2","2","0","0","2","2","2","0","0"
"IND00173","2","0","1","1","1","1","2","2","1","1","1","2","1","1","1","1"
"IND00174","2","0","2","2","0","0","2","2","2","0","0","2","2","2","0","0"
"IND00175","1","0","2","2","0","0","1","2","1","0","0","1","1","1","1","0"
"IND00176","2","0","2","2","0","0","2","2","2","0","0","2","2","2","0","0"
"IND00177","3","1","2","3","1","0","3","2","1","2","0","2","1","3","1","2"
"IND00178","2","0","2","2","0","1","2","2","2","0","0","2","2","2","0","0"
"IND00179","2","1","2","2","0","0","2","2","1","1","0","2","1","2","1","1"
"IND00180","2","0","1","1","0","1","2","2","2","0","1","2","2","1","0","0"
"IND00181","2","0","2","2","0","0","2","2","2","0","0","2","2","2","0","0"
"IND00182","2","0","2","2","1","0","2","2","1","1","0","2","1","2","1","1"
"IND00183","2","1","2","2","0","0","2","2","1","1","0","2","1","2","1","1"
"IND00184","2","0","2","2","0","0","2","2","2","0","0","2","2","2","0","0"
"IND00185","2","0","2","2","0","0","2","2","2","0","0","2","2","2","0","0"
"IND00186","2","0","2","2","0","0","2","2","2","0","0","2","2","2","0","0"
"IND00188","2","0","2","2","0","0","2","2","2","0","0","2","2","2","0","0"
"IND00189","2","2","1","2","1","1","2","2","0","2","1","2","0","2","2","3"
"IND00190","2","1","2","2","0","0","2","2","1","1","0","2","1","2","1","1"
"IND00191","2","1","2","2","0","0","2","2","1","1","0","2","1","2","1","1"
"IND00192","2","0","0","0","0","2","2","2","2","0","2","2","2","0","0","0"
"IND00193","2","0","2","2","0","0","2","2","2","0","0","2","2","2","0","0"
"IND00194","failed","failed","failed","failed","failed","failed","failed","failed","failed","failed","failed","failed","failed","failed","failed","failed"
"IND00195","2","0","1","2","2","1","2","2","1","1","1","2","1","2","1","2"
"IND00196","2","1","2","2","0","0","2","2","1","1","0","2","1","2","1","1"
"IND00197","2","0","2","2","0","0","2","2","2","0","0","2","2","2","0","0"
"IND00198","3","0","2","2","0","0","3","2","2","1","0","2","2","2","0","0"
"IND00199","2","0","0","1","1","2","2","2","2","0","2","2","2","1","0","1"
"IND00200","2","0","1","1","0","1","2","2","2","0","1","2","2","1","0","0"
"IND00201","2","0","1","1","0","1","2","2","2","0","1","2","2","1","0","0"
"IND00202","2","0","2","2","0","0","2","2","2","0","0","2","2","2","0","0"
"IND00203","2","0","0","2","3","2","2","2","1","1","2","2","1","2","1","3"
"IND00204","2","1","1","1","0","1","2","2","1","1","1","2","1","1","1","1"
"IND00205","2","0","1","1","0","1","2","2","2","0","1","2","2","1","0","0"
"IND00206","2","0","1","1","0","1","2","2","2","0","1","2","2","1","0","0"
"IND00207","2","0","1","2","1","1","2","2","2","0","1","2","2","2","0","1"
"IND00208","2","1","2","2","0","0","2","2","1","1","0","2","1","2","1","1"
"IND00209","2","0","2","2","0","0","2","2","2","0","0","2","2","2","0","0"
"IND00210","2","0","2","2","0","0","2","2","2","0","0","2","2","2","0","0"
"IND00211","2","0","1","2","2","1","2","2","1","1","1","2","1","2","1","2"
"IND00212","2","0","2","2","0","0","2","2","2","0","0","2","2","2","0","0"
"IND00213","2","0","1","2","2","1","2","2","1","1","1","2","1","2","1","2"
"IND00214","2","1","1","2","1","1","2","2","1","1","1","2","1","2","1","2"
"IND00215","2","2","2","2","0","0","2","2","0","2","0","2","0","2","2","2"
"IND00216","2","0","1","2","1","1","2","2","2","0","1","2","2","2","0","1"
"IND00217","2","1","1","2","1","1","2","2","1","1","1","2","1","2","1","2"
"IND00218","2","0","1","1","1","1","2","2","1","1","1","2","1","1","1","1"
"IND00219","2","1","1","1","0","1","2","2","1","1","1","2","1","1","1","1"
"IND00220","2","0","1","2","1","1","2","2","2","0","1","2","2","2","0","1"
"IND00221","2","1","2","2","0","0","2","2","1","1","0","2","1","2","1","1"
"IND00222","2","1","2","2","1","0","2","2","0","2","0","2","0","2","2","2"
"IND00223","2","1","2","2","0","0","2","2","0","2","0","2","0","2","2","2"
"IND00224","2","1","1","1","0","1","2","2","1","1","1","2","1","1","1","1"
"IND00225","2","0","0","0","0","2","2","2","2","0","2","2","2","0","0","0"
"IND00226","2","2","2","2","0","0","2","2","0","2","0","2","0","2","2","2"
"IND00227","2","1","2","2","0","0","2","2","1","1","0","2","1","2","1","1"
"IND00228","2","0","2","2","0","0","2","2","2","0","0","2","2","2","0","0"
"IND00229","3","1","2","3","1","0","3","2","1","2","0","2","1","3","1","2"
"IND00230","2","1","2","2","0","0","2","2","1","1","0","2","1","2","1","1"
"IND00231","2","0","1","2","2","1","2","2","1","1","1","2","1","2","1","2"
"IND00232","2","0","2","2","0","0","2","2","2","0","0","2","2","2","0","0"
"IND00233","2","1","1","2","1","1","2","2","1","1","1","2","1","2","1","2"
"IND00234","2","0","2","2","0","0","2","2","2","0","0","2","2","2","0","0"
"IND00235","2","0","1","2","2","1","2","2","1","1","1","2","1","2","1","2"
"IND00236","2","0","2","2","0","0","2","2","2","0","0","2","2","2","0","0"
"IND00237","2","0","2","2","0","0","2","2","2","0","0","2","2","2","0","0"
"IND00238","2","0","2","2","0","0","2","2","2","0","0","2","2","2","0","0"
"IND00239","2","0","2","2","0","0","2","2","2","0","0","2","2","2","0","0"
"IND00240","2","1","1","2","1","1","2","2","1","1","1","2","1","2","1","2"
"IND00241","2","0","2","2","0","0","2","2","2","0","0","2","2","2","0","0"
"IND00242","2","0","0","0","0","2","2","2","2","0","2","2","2","0","0","0"
"IND00243","2","1","1","1","0","1","2","2","1","1","1","2","1","1","1","1"
"IND00244","3","1","1","2","1","1","3","2","1","2","1","2","1","2","1","2"
"IND00245","2","0","1","1","0","1","2","2","2","0","1","2","2","1","0","0"
"IND00246","2","0","2","2","0","0","2","2","2","0","0","2","2","2","0","0"
"IND00247","2","1","1","1","0","1","2","2","1","1","1","2","1","1","1","1"
"IND00248","2","0","1","1","0","1","2","2","2","0","1","2","2","1","0","0"
"IND00249","2","0","1","2","2","1","2","2","1","1","1","2","1","2","1","2"
"IND00250","2","0","1","1","0","1","2","2","2","0","1","2","2","1","0","0"
"IND00251","2","1","2","2","0","0","2","2","1","1","0","2","1","2","1","1"
"IND00252","2","0","1","1","0","1","2","2","2","0","1","2","2","1","0","0"
"IND00253","2","0","1","1","0","1","2","2","2","0","1","2","2","1","0","0"
"IND00254","2","0","1","1","0","1","2","2","2","0","1","2","2","1","0","0"
"IND00255","2","0","1","1","0","1","2","2","2","0","0","2","2","1","0","0"
"IND00256","2","1","1","2","1","1","2","2","1","1","1","2","1","2","1","2"
"IND00257","2","1","1","2","0","0","2","2","2","0","1","2","2","2","0","1"
"IND00258","2","0","1","1","0","1","2","2","2","0","1","2","2","1","0","0"
"IND00259","2","0","0","1","1","2","2","2","2","0","2","2","2","1","0","1"
"IND00260","2","1","2","2","0","0","2","2","1","1","0","2","1","2","1","1"
"IND00261","2","1","2","2","0","0","2","2","1","1","0","2","1","2","1","1"
"IND00262","2","0","2","2","0","0","2","2","2","0","0","2","2","2","0","0"
"IND00263","2","0","2","2","0","0","2","2","2","0","0","2","2","2","0","0"
"IND00264","2","0","2","2","0","0","2","2","2","0","0","2","2","2","0","0"
"IND00265","3","0","1","2","1","1","3","2","2","1","1","2","2","2","0","1"
"IND00266","2","0","1","1","0","1","2","2","2","0","1","2","2","1","0","0"
"IND00267","2","1","2","2","0","0","2","2","1","1","0","2","1","2","1","1"
"IND00268","2","2","0","2","2","2","2","2","0","2","2","2","0","2","2","4"
"IND00269","2","0","1","1","0","1","2","2","2","0","1","2","2","1","0","0"
"IND00270","2","0","1","1","0","1","2","2","2","0","1","2","2","1","0","0"
"IND00271","failed","failed","failed","failed","failed","failed","failed","failed","failed","failed","failed","failed","failed","failed","failed","failed"
"IND00272","2","0","1","2","1","1","2","2","2","0","1","2","2","2","0","1"
"IND00273","2","0","2","2","0","0","2","2","2","0","0","2","2","2","0","0"
"IND00274","2","0","2","2","0","0","2","2","2","0","0","2","2","2","0","0"
"IND00275","2","1","1","1","0","1","2","2","1","1","1","2","1","1","1","1"
"IND00276","2","0","1","2","1","1","2","2","2","0","1","2","2","2","0","1"
"IND00277","3","0","1","2","1","1","3","2","2","1","1","2","2","2","0","1"
"IND00278","2","0","2","2","0","0","2","2","2","0","0","2","2","2","0","0"
"IND00279","2","0","2","2","0","0","2","2","2","0","0","2","2","1","0","0"
"IND00280","2","1","1","1","0","1","2","2","1","1","1","2","1","1","1","1"
"IND00281","2","0","2","2","1","0","2","2","1","1","0","2","1","2","1","1"
"IND00282","2","1","1","2","1","1","2","2","1","1","1","2","1","2","1","2"
"IND00283","2","1","1","1","0","1","2","2","1","1","1","2","1","1","1","1"
"IND00284","2","0","2","2","0","0","2","2","2","0","0","2","2","2","0","0"
"IND00285","2","0","1","1","0","1","2","2","2","0","1","2","2","1","0","0"
"IND00286","2","0","2","2","1","0","2","2","1","1","0","2","1","2","1","1"
"IND00287","2","1","2","2","0","0","2","2","1","1","0","2","1","2","1","1"
"IND00288","2","1","2","2","0","0","2","2","1","1","0","2","1","2","1","1"
"IND00289","2","1","1","2","1","1","2","2","1","1","1","2","1","2","1","2"
"IND00290","2","0","2","2","0","0","2","2","2","0","0","2","2","2","0","0"
"IND00291","2","0","2","2","0","0","2","2","2","0","0","2","2","2","0","0"
"IND00292","2","0","2","2","0","0","2","2","2","0","0","2","2","2","0","0"
"IND00293","3","0","1","1","1","2","3","2","2","1","2","2","2","1","0","1"
"IND00294","2","0","2","2","0","0","2","2","2","0","0","2","2","2","0","0"
"IND00295","2","0","2","2","0","0","2","2","2","0","0","2","2","2","0","0"
"IND00296","2","2","1","2","1","1","2","2","0","2","1","2","0","2","2","3"
"IND00297","2","2","2","2","0","0","2","2","0","2","0","2","0","2","2","2"
"IND00298","2","0","1","2","1","1","2","2","2","0","1","2","2","2","0","1"
"IND00299","2","0","2","2","0","0","2","2","2","0","0","2","2","2","0","0"
"IND00301","2","0","2","2","0","0","2","2","2","0","0","2","2","2","0","0"
"IND00302","2","0","1","2","2","1","2","2","1","1","1","2","1","2","1","2"
"IND00303","2","0","1","2","1","1","2","2","2","0","1","2","2","2","0","1"
"IND00304","2","1","2","2","0","0","2","2","1","1","0","2","1","2","1","1"
"IND00305","2","0","0","0","0","2","2","2","2","0","2","2","2","0","0","0"
"IND00306","2","1","1","1","0","1","2","2","1","1","1","2","1","1","1","1"
"IND00307","2","1","2","2","0","0","2","2","1","1","0","2","1","2","1","1"
"IND00308","2","0","2","2","1","0","2","2","1","1","0","2","1","2","1","1"
"IND00309","2","0","2","2","0","0","2","2","2","0","0","2","2","2","0","0"
"IND00310","2","1","1","1","0","0","2","2","1","1","0","2","1","1","1","1"
"IND00311","2","1","2","2","0","0","2","2","1","1","0","2","1","2","1","1"
"IND00312","2","0","2","2","0","0","2","2","2","0","0","2","2","2","0","0"
"IND00313","2","0","2","2","0","0","2","2","2","0","0","2","2","2","0","0"
"IND00314","2","0","2","2","0","0","2","2","2","0","0","2","2","2","0","0"
"IND00315","2","1","1","1","0","1","2","2","1","1","1","2","1","1","1","1"
"IND00316","2","0","2","2","0","0","2","2","2","0","0","2","2","2","0","0"
"IND00317","2","0","2","2","0","0","2","2","2","0","0","2","2","2","0","0"
"IND00318","2","0","2","2","0","0","2","2","2","0","0","2","2","2","0","0"
"IND00319","2","0","1","2","2","1","2","2","1","1","1","2","1","2","1","2"
"IND00320","2","0","2","2","0","0","2","2","2","0","0","2","2","2","0","0"
"IND00321","2","1","2","2","0","0","2","2","1","1","0","2","1","2","1","1"
"IND00322","2","1","2","2","0","0","2","2","1","1","0","2","1","2","1","1"
"IND00323","2","2","2","2","0","0","2","2","0","2","0","2","0","2","2","2"
"IND00324","2","1","1","1","0","1","2","2","1","1","1","2","1","1","1","1"
"IND00325","2","1","2","2","0","0","2","2","1","1","0","2","1","2","1","1"
"IND00326","2","1","0","1","1","2","2","2","1","1","2","2","1","1","1","2"
"IND00327","2","0","2","2","0","0","2","2","2","0","0","2","2","2","0","0"
"IND00328","2","0","2","2","0","0","2","2","2","0","0","2","2","2","0","0"
"IND00329","2","0","1","2","2","1","2","2","1","1","1","2","1","2","1","2"
"IND00330","2","0","1","2","1","1","2","2","2","0","1","2","2","2","0","1"
"IND00331","2","0","2","2","0","0","2","2","2","0","0","2","2","2","0","0"
"IND00332","2","0","2","2","0","0","2","2","2","0","0","2","2","2","0","0"
"IND00333","2","0","1","2","2","1","2","2","1","1","1","2","1","2","1","2"
"IND00334","2","0","1","1","0","1","2","2","2","0","1","2","2","1","0","0"
"IND00335","2","0","2","2","0","0","2","2","2","0","0","2","2","2","0","0"
"IND00336","2","0","1","1","0","1","2","2","2","0","1","2","2","1","0","0"
"IND00337","2","1","2","2","0","0","2","2","1","1","0","2","1","2","1","1"
"IND00338","2","0","2","2","0","0","2","2","2","0","0","2","2","2","0","0"
"IND00339","2","0","1","1","0","1","2","2","2","0","1","2","2","1","0","0"
"IND00340","2","0","2","2","0","0","2","2","2","0","0","2","2","2","0","0"
"IND00341","2","0","1","1","0","1","2","2","2","0","1","2","2","1","0","0"
"IND00342","2","0","2","2","0","0","2","2","2","0","0","2","2","2","0","0"
"IND00343","2","1","2","2","0","0","2","2","1","1","0","2","1","2","1","1"
"IND00344","2","0","2","2","0","0","2","2","2","0","0","2","2","2","0","0"
"IND00345","2","1","1","2","1","1","2","2","1","1","1","2","1","2","1","2"
"IND00346","2","1","2","2","0","0","2","2","1","1","0","2","1","2","1","1"
"IND00347","2","0","0","0","0","2","2","2","2","0","2","2","2","0","0","0"
"IND00348","2","0","1","2","1","1","2","2","2","0","1","2","2","2","0","1"
"IND00349","2","0","2","2","0","0","2","2","2","0","0","2","2","2","0","0"
"IND00350","2","0","1","1","0","1","2","2","2","0","1","2","2","1","0","0"
"IND00351","2","0","1","1","0","1","2","2","2","0","1","2","2","1","0","0"
"IND00352","2","0","2","2","0","0","2","2","2","0","0","2","2","2","0","0"
"IND00353","2","0","2","2","0","0","2","2","2","0","0","2","2","2","0","0"
"IND00354","2","0","1","1","0","1","2","2","2","0","1","2","2","1","0","0"
"IND00355","2","0","2","2","0","0","3","2","2","0","0","2","2","2","0","0"
"IND00356","2","0","2","2","0","0","2","2","2","0","0","2","2","2","0","0"
"IND00357","3","0","1","2","1","1","3","2","2","1","1","2","2","2","0","1"
"IND00358","2","2","1","2","1","1","2","2","0","2","1","2","0","2","2","3"
"IND00359","2","0","2","2","0","0","2","2","2","0","0","2","2","2","0","0"
"IND00360","2","1","0","0","0","2","2","2","1","1","2","2","1","0","1","1"
"IND00361","2","0","2","2","0","0","2","2","2","0","0","2","2","2","0","0"
"IND00362","2","0","1","2","1","1","2","2","2","0","1","2","2","2","0","1"
"IND00363","2","0","2","2","0","0","2","2","2","0","0","2","2","2","0","0"
"IND00364","2","0","1","1","0","1","2","2","2","0","1","2","2","1","0","0"
"IND00365","2","1","0","2","3","2","2","2","0","2","2","2","0","2","2","4"
"IND00366","2","1","1","1","0","1","2","2","1","1","1","2","1","1","1","1"
"IND00367","2","0","0","0","0","2","2","2","2","0","2","2","2","0","0","0"
"IND00368","2","0","2","2","0","0","2","2","2","0","0","2","2","2","0","0"
"IND00369","2","0","0","0","0","2","2","2","2","0","2","2","2","0","0","0"
"IND00370","2","0","1","1","0","1","2","2","2","0","1","2","2","1","0","0"
"IND00371","2","1","1","1","0","1","2","2","1","1","1","2","1","1","1","1"
"IND00372","2","1","1","2","1","1","2","2","1","1","1","2","1","2","1","2"
"IND00373","2","2","1","1","0","1","2","2","0","2","1","2","0","1","2","2"
"IND00374","1","1","0","1","1","2","1","2","1","0","2","2","1","1","1","2"
"IND00375","2","1","2","2","0","0","2","2","1","1","0","2","1","2","1","1"
"IND00376","2","1","1","1","0","1","2","2","1","1","1","2","1","1","1","1"
"IND00377","2","0","1","1","0","1","2","2","2","0","1","2","2","1","0","0"
"IND00378","2","0","1","2","1","1","2","2","2","0","1","2","2","2","0","1"
"IND00379","2","0","2","2","0","0","2","2","2","0","0","2","2","2","0","0"
"IND00380","2","0","2","2","0","0","2","2","2","0","0","2","2","2","0","0"
"IND00381","2","1","2","2","0","0","2","2","1","1","0","2","1","2","1","1"
"IND00382","2","0","2","2","0","0","2","2","2","0","0","2","2","2","0","0"
"IND00383","2","0","2","2","0","0","2","2","2","0","0","2","2","2","0","0"
"IND00384","2","0","2","2","0","0","2","2","2","0","0","2","2","2","0","0"
"IND00385","2","2","1","2","1","1","2","2","0","2","1","2","0","2","2","3"
"IND00386","2","0","2","2","0","0","2","2","2","0","0","2","2","2","0","0"
"IND00387","2","0","2","2","0","0","2","2","2","0","0","2","2","2","0","0"
"IND00388","2","1","2","2","0","0","2","2","1","1","0","2","1","2","1","1"
"IND00389","3","2","1","1","0","1","3","2","1","2","2","2","1","1","1","2"
"IND00390","2","0","2","2","0","0","2","2","2","0","0","2","2","2","0","0"
"IND00391","3","0","2","2","1","0","2","2","1","1","0","2","1","2","1","1"
