,KIR3DL3,KIR2DS2,KIR2DL23,KIR2DL5,KIR2DS35,KIR2DP1,KIR2DL1,KIR2DL4,KIR3DL1S1,KIR2DS1,KIR2DS4,KIR3DL2
african002,KIR3DL3*00301+KIR3DL3*020,KIR2DS2*001,KIR2DL23*unresolved,R,KIR2DS35*unresolved,R,R,R,KIR3DL1*035+KIR3DL1*041,,KIR2DS4*00101+KIR2DS4*00101,KIR3DL2*00103+KIR3DL2*015
african004,R,KIR2DS2*001,KIR2DL3*00201+KIR2DL2*00301,KIR2DL5B*00201,KIR2DS3*00103+KIR2DS35*null,R,R,KIR2DL4*00801+KIR2DL4*01201,KIR3DL1S1*unresolved,,KIR2DS4*003+KIR2DS4*00101,KIR3DL2*00103+KIR3DL2*00105
african005,R,KIR2DS2*001,KIR2DL3*014+KIR2DL23*null,KIR2DL5B*00801,KIR2DS5*00201+KIR2DS35*null,,,KIR2DL4*00103,KIR3DL1*023+KIR3DL1S1*null,KIR2DS1*002,KIR2DS4*00101,KIR3DL2*00103+KIR3DL2*00602
african006,KIR3DL3*00302+KIR3DL3*01301,KIR2DS2*001,KIR2DL3*00201+KIR2DL2*00101,KIR2DL5A*00104,KIR2DS5*00201+KIR2DS35*null,KIR2DP1*00301,KIR2DL1*00201,KIR2DL4*00802,KIR3DL1*00401+KIR3DL1S1*null,KIR2DS1*002,KIR2DS4*006,KIR3DL2*00902+KIR3DL2*023
african009,R,,KIR2DL3*00101+KIR2DL3*00501,,KIR2DS35*null+KIR2DS35*null,R,KIR2DL1*00302+KIR2DL1*00401,KIR2DL4*00103+KIR2DL4*00801,KIR3DL1*01501+KIR3DL1*059,,KIR2DS4*00101,KIR3DL2*01301
african010,KIR3DL3*00301+KIR3DL3*01402,R,KIR2DL2*00601+KIR2DL2*00601,R,KIR2DS35*unresolved,R,R,KIR2DL4*013,KIR3DL1*041+KIR3DL1*00501,,KIR2DS4*00101+KIR2DS4*010,R
african011,R,KIR2DS2*001,KIR2DL23*unresolved,R,KIR2DS35*unresolved,R,R,R,KIR3DL1*035+KIR3DL1*018,,KIR2DS4*00101+KIR2DS4*00101,KIR3DL2*00103+KIR3DL2*015
african012,R,R,KIR2DL2*00601+KIR2DL3*00201,KIR2DL5A*01201,KIR2DS5*00501+KIR2DS35*null,KIR2DP1*00301,R,KIR2DL4*01101+KIR2DL4*00801,KIR3DL1*00501+KIR3DL1*059,,KIR2DS4*010,KIR3DL2*010
african014,KIR3DL3*00501+KIR3DL3*028,R,KIR2DL3*00101+KIR2DL2*00401,KIR2DL5B*010+KIR2DL5A*00101,KIR2DS3*00103+KIR2DS5*00201,R,KIR2DL1*00302+KIR2DL1*00403,KIR2DL4*00103+KIR2DL4*00501,KIR3DL1*01701+KIR3DS1*01301,KIR2DS1*002,KIR2DS4*00101,KIR3DL2*023+KIR3DL2*058
african015,R,KIR2DS2*001,KIR2DL3*00101+KIR2DL2*00101,KIR2DL5A*00101,KIR2DS35*unresolved,KIR2DP1*00201+KIR2DP1*00102,KIR2DL1*00302+KIR2DL1*00401,KIR2DL4*00801+KIR2DL4*00103,KIR3DL1*00501+KIR3DL1*01501,,KIR2DS4*010+KIR2DS4*00101,KIR3DL2*010+KIR3DL2*01301
african016,KIR3DL3*00301+KIR3DL3*01102,,KIR2DL2*00602+KIR2DL3*00101,,KIR2DS35*null+KIR2DS35*null,KIR2DP1*00301,KIR2DL1*00302,R,KIR3DL1*023+KIR3DL1*035,,KIR2DS4*00101+KIR2DS4*00101,KIR3DL2*00103+KIR3DL2*00103
african017,KIR3DL3*00501+KIR3DL3*01406,,KIR2DL3*00601+KIR2DL2*00602,KIR2DL5B*00601,KIR2DS5*007+KIR2DS35*null,KIR2DP1*007+KIR2DP1*010,KIR2DL1*00303+KIR2DL1*00401,KIR2DL4*00103+KIR2DL4*00103,KIR3DL1*01502+KIR3DL1*01501,,KIR2DS4*00101+KIR2DS4*00101,KIR3DL2*00601+KIR3DL2*01301
african018,R,KIR2DS2*001+KIR2DS2*001,KIR2DL2*00301+KIR2DL2*00301,R,KIR2DS35*unresolved,R,R,KIR2DL4*013+KIR2DL4*013,KIR3DL1*041+KIR3DL1*041,,R,KIR3DL2*015+KIR3DL2*015
african019,R,KIR2DS2*001,KIR2DL3*00101+KIR2DL2*00301,R,KIR2DS35*unresolved,R,R,KIR2DL4*013+KIR2DL4*00103,KIR3DL1S1*unresolved,,KIR2DS4*00101+KIR2DS4*00101,KIR3DL2*015+KIR3DL2*023
african020,R,KIR2DS2*001,KIR2DL2*00602+KIR2DL2*00101,KIR2DL5B*00201,KIR2DS35*unresolved,KIR2DP1*00102,KIR2DL1*00401,KIR2DL4*00103+KIR2DL4*00801,KIR3DL1*023+KIR3DL1*00501,,KIR2DS4*00101+KIR2DS4*010,KIR3DL2*00103+KIR3DL2*010
african022,R,KIR2DS2*001,KIR2DL2*00602+KIR2DL2*00301,KIR2DL5B*00601+KIR2DL5B*00801,KIR2DS5*007+KIR2DS5*00201,KIR2DP1*010,KIR2DL1*00401,KIR2DL4*00103,KIR3DL1*01501+KIR3DL1S1*null,KIR2DS1*002,KIR2DS4*00101,KIR3DL2*00601+KIR3DL2*040
african023,R,KIR2DS2*001,KIR2DL2*00101+KIR2DL3*00501,KIR2DL5B*00801,KIR2DS5*007+KIR2DS35*null,R,KIR2DL1*00401+KIR2DL1*00401,R,KIR3DL1*00501+KIR3DL1*035,,KIR2DS4*010=KIR2DS4*00101,KIR3DL2*010+KIR3DL2*052
african024,R,KIR2DS2*001+KIR2DS2*001,KIR2DL2*00101+KIR2DL2*00301,KIR2DL5B*00801+KIR2DL5B*00801,KIR2DS5*00201+KIR2DS5*00201,,,,KIR3DL1S1*null+KIR3DL1S1*null,KIR2DS1*002+KIR2DS1*002,,KIR3DL2*00601+KIR3DL2*00601
african025,R,KIR2DS2*001+KIR2DS2*001,KIR2DL2*00101+KIR2DL2*00301,R,KIR2DS35*unresolved,R,R,R,KIR3DL1*035+KIR3DL1S1*null,KIR2DS1*002,KIR2DS4*00101,KIR3DL2*00601+KIR3DL2*00601
african026,R,KIR2DS2*001,KIR2DL3*00501+KIR2DL2*00101,KIR2DL5B*00801,KIR2DS5*00201+KIR2DS35*null,R,KIR2DL1*00303,KIR2DL4*01201,KIR3DL1S1*unresolved,KIR2DS1*002,KIR2DS4*009,KIR3DL2*00602+KIR3DL2*064
african027,R,KIR2DS2*001+KIR2DS2*001,KIR2DL2*00101+KIR2DL2*00301,R,KIR2DS35*unresolved,R,R,KIR2DL4*00501+KIR2DL4*013,KIR3DS1*01301+KIR3DL1*041,KIR2DS1*002,KIR2DS4*00101,KIR3DL2*00701+KIR3DL2*015
african028,KIR3DL3*00101+KIR3DL3*00402,KIR2DS2*001,KIR2DL23*unresolved,,KIR2DS35*null+KIR2DS35*null,KIR2DP1*00301,KIR2DL1*00201,KIR2DL4*00102+KIR2DL4*00103,KIR3DL1*002+KIR3DL1*01501,,KIR2DS4*00101+KIR2DS4*00101,KIR3DL2*00201+KIR3DL2*053
african029,KIR3DL3*01001+KIR3DL3*035,,KIR2DL23*unresolved,,KIR2DS35*null+KIR2DS35*null,R,KIR2DL1*00302+KIR2DL1*00303,R,KIR3DL1S1*unresolved,,KIR2DS4*00101+KIR2DS4*006,KIR3DL2*00103+KIR3DL2*00301
african030,R,KIR2DS2*001,KIR2DL23*unresolved,R,KIR2DS35*unresolved,R,R,R,KIR3DL1*01501+KIR3DL1*035,,KIR2DS4*00101+KIR2DS4*00101,KIR3DL2*00103+KIR3DL2*015
african031,R,KIR2DS2*001,KIR2DL3*00201+KIR2DL2*00301,R,KIR2DS35*unresolved,R,R,KIR2DL4*01101+KIR2DL4*013,KIR3DL1*00501+KIR3DL1*041,,KIR2DS4*010+KIR2DS4*00101,KIR3DL2*00103+KIR3DL2*015
african035,R,KIR2DS2*001,KIR2DL23*unresolved,R,KIR2DS35*unresolved,R,R,KIR2DL4*00103+KIR2DL4*00802,KIR3DL1*01501+KIR3DL1*059,,KIR2DS4*00101,R
african037,R,KIR2DS2*001+KIR2DS2*001,KIR2DL2*00301+KIR2DL2*00301,R,KIR2DS35*unresolved,R,R,KIR2DL4*00103+KIR2DL4*01201,KIR3DL1S1*unresolved,,KIR2DS4*00101+KIR2DS4*009,KIR3DL2*00101+KIR3DL2*064
african038,KIR3DL3*00402+KIR3DL3*00901,KIR2DS2*001,KIR2DL2*00101+KIR2DL3*00101,KIR2DL5B*00801,KIR2DS5*00201+KIR2DS35*null,KIR2DP1*00201,KIR2DL1*00302,KIR2DL4*00103,KIR3DL1*01501+KIR3DL1S1*null,KIR2DS1*002,KIR2DS4*00101,KIR3DL2*01301+KIR3DL2*00601
african039,R,,KIR2DL2*00602+KIR2DL3*00101,,KIR2DS35*null+KIR2DS35*null,KIR2DP1*00301,KIR2DL1*00302,R,KIR3DL1S1*unresolved,,KIR2DS4*00101+KIR2DS4*00101,KIR3DL2*00103+KIR3DL2*00601
african042,R,KIR2DS2*001+KIR2DS2*001,KIR2DL23*unresolved,R,KIR2DS35*unresolved,R,R,R,KIR3DL1*002+KIR3DL1*035,,KIR2DS4*00101+KIR2DS4*00101,KIR3DL2*015+KIR3DL2*00103
african043,R,KIR2DS2*001+KIR2DS2*001,KIR2DL2*00101+KIR2DL2*00301,R,KIR2DS35*unresolved,R,R,KIR2DL4*01201,KIR3DL1S1*unresolved,KIR2DS1*002,KIR2DS4*009,KIR3DL2*064+KIR3DL2*00601
african044,R,KIR2DS2*001,KIR2DL3*00101+KIR2DL2*00301,R,KIR2DS35*unresolved,R,R,KIR2DL4*00103+KIR2DL4*00103,KIR3DL1*008+KIR3DL1S1*null,,KIR2DS4*003+KIR2DS4*00101,KIR3DL2*00901+KIR3DL2*00101
african046,KIR3DL3*00602+KIR3DL3*00901,,KIR2DL3*00201+KIR2DL3*00101,,KIR2DS35*null+KIR2DS35*null,KIR2DP1*00301+KIR2DP1*00201,KIR2DL1*00201+KIR2DL1*00302,KIR2DL4*00102+KIR2DL4*01101,KIR3DL1*002+KIR3DL1*073,,KIR2DS4*00101+KIR2DS4*010,KIR3DL2*00201+KIR3DL2*010
african047,R,KIR2DS2*001,KIR2DL2*00602+KIR2DL2*00301,R,KIR2DS35*unresolved,R,R,KIR2DL4*00103+KIR2DL4*01201,KIR3DL1S1*unresolved,,KIR2DS4*00101+KIR2DS4*009,KIR3DL2*00103+KIR3DL2*064
african050,KIR3DL3*01102+KIR3DL3*01405,KIR2DS2*001,KIR2DL23*unresolved,,KIR2DS35*null+KIR2DS35*null,R,KIR2DL1*01101,R,KIR3DL1*00101+KIR3DL1*035,,KIR2DS4*003+KIR2DS4*00101,KIR3DL2*00101+KIR3DL2*015
african051,R,KIR2DS2*001,KIR2DL3*020+KIR2DL2*00101,R,KIR2DS35*unresolved,KIR2DP1*00301,KIR2DL1*00302,R,KIR3DL1*035+KIR3DL1S1*null,KIR2DS1*002,KIR2DS4*00101,KIR3DL2*00103+KIR3DL2*00601
african052,KIR3DL3*01402+KIR3DL3*020,KIR2DS2*001+KIR2DS2*001,KIR2DL2*0030+KIR2DL2*00301,R,KIR2DS35*unresolved,R,R,KIR2DL4*00102+KIR2DL4*01201,KIR3DL1S1*unresolved,,KIR2DS4*00101+KIR2DS4*009,KIR3DL2*00202+KIR3DL2*064
african053,KIR3DL3*00402+KIR3DL3*00402,KIR2DS2*001+KIR2DS2*001,KIR2DL23*unresolved,KIR2DL5B*00801,KIR2DS5*00201+KIR2DS35*null,,,KIR2DL4*00102,KIR3DL1*002+KIR3DL1S1*null,,KIR2DS4*00101,KIR3DL2*00201+KIR3DL2*00601
african054,R,,KIR2DL3*00501+KIR2DL3*00101,,KIR2DS35*null+KIR2DS35*null,R,KIR2DL1*00401+KIR2DL1*00302,R,KIR3DL1S1*unresolved,,KIR2DS4*00101+KIR2DS4*00101,KIR3DL2*052+KIR3DL2*00601
african055,KIR3DL3*00402+KIR3DL3*00402,R,KIR2DL23*unresolved,KIR2DL5A*01201,KIR2DS5*00201+KIR2DS35*null,,,KIR2DL4*00102,KIR3DL1*002+KIR3DL1S1*null,KIR2DS1*002,KIR2DS4*00101,KIR3DL2*00201+KIR3DL2*00601
african056,R,,KIR2DL3*00201+KIR2DL3*00101,,KIR2DS35*null+KIR2DS35*null,KIR2DP1*00301+KIR2DP1*00301,KIR2DL1*00201+KIR2DL1*00302,R,KIR3DL1S1*unresolved,,KIR2DS4*006+KIR2DS4*00101,KIR3DL2*00301+KIR3DL2*00601
african057,KIR3DL3*00402+KIR3DL3*00402,KIR2DS2*001+KIR2DS2*001,KIR2DL2*00101+KIR2DL2*00101,KIR2DL5B*00801+KIR2DL5B*00801,KIR2DS5*00201+KIR2DS5*00201,,,,KIR3DL1S1*null+KIR3DL1S1*null,KIR2DS1*002+KIR2DS1*002,,KIR3DL2*00601+KIR3DL2*00601
african058,R,KIR2DS2*001+KIR2DS2*001,KIR2DL2*00101+KIR2DL2*00301,R,KIR2DS35*unresolved,R,R,KIR2DL4*013,KIR3DL1*041+KIR3DL1S1*null,KIR2DS1*002,KIR2DS4*00101,KIR3DL2*052+KIR3DL2*00601
african059,R,KIR2DS2*001,KIR2DL23*unresolved,KIR2DL5A*00105,KIR2DS5*00201+KIR2DS35*null,R,KIR2DL1*00401+KIR2DL1*00201,KIR2DL4*013+KIR2DL4*00501,KIR3DL1*00101+KIR3DS1*01301,KIR2DS1*002,KIR2DS4*003,R
african061,R,KIR2DS2*001+KIR2DS2*001,KIR2DL2*00301+KIR2DL2*00301,R,KIR2DS35*unresolved,R,R,KIR2DL4*00103+KIR2DL4*00103,KIR3DL1*01501+KIR3DL1*01501,,KIR2DS4*00101+KIR2DS4*00101,KIR3DL2*053+KIR3DL2*053
african062,R,KIR2DS2*001+KIR2DS2*001,KIR2DL2*00301+KIR2DL2*00101,R,KIR2DS35*unresolved,R,R,KIR2DL4*01201,KIR3DL1S1*unresolved,KIR2DS1*002,KIR2DS4*009,KIR3DL2*064+KIR3DL2*00601
african063,R,,KIR2DL3*018+KIR2DL3*00101,R,KIR2DS35*unresolved,KIR2DP1*009,R,R,KIR3DL1S1*unresolved,,KIR2DS4*00101+KIR2DS4*00101,KIR3DL2*00601+KIR3DL2*00601
african065,KIR3DL3*00901+KIR3DL3*020,KIR2DS2*001,KIR2DL3*00101+KIR2DL2*00301,R,KIR2DS35*unresolved,R,R,KIR2DL4*00103+KIR2DL4*00501,KIR3DL1S1*unresolved,KIR2DS1*002,KIR2DS4*00101,R
african066,KIR3DL3*00501+KIR3DL3*00901,,KIR2DL3*011+KIR2DL3*008N,,KIR2DS35*null+KIR2DS35*null,KIR2DP1*00201+KIR2DP1*00201,KIR2DL1*00302+KIR2DL1*00302,KIR2DL4*00103+KIR2DL4*022,KIR3DL1*03101+KIR3DL1*03101,,KIR2DS4*00104+KIR2DS4*00104,KIR3DL2*00103+KIR3DL2*00103
african067,R,KIR2DS2*001+KIR2DS2*001,KIR2DL2*00301+KIR2DL2*00301,KIR2DL5B*00201,KIR2DS35*unresolved,R,KIR2DL1*00401,KIR2DL4*00801+KIR2DL4*00801,KIR3DL1*00101+KIR3DL1*00501,,KIR2DS4*003+KIR2DS4*010,KIR3DL2*00101+KIR3DL2*010
african068,R,KIR2DS2*001,KIR2DL2*00301+KIR2DL2*00301,KIR2DL5B*00201,KIR2DS35*unresolved,R,KIR2DL1*00401,KIR2DL4*00801+KIR2DL4*00801,KIR3DL1*00101+KIR3DL1*00501,,KIR2DS4*003+KIR2DS4*010,KIR3DL2*00101+KIR3DL2*010
african069,R,,KIR2DL3*00101+KIR2DL3*00101,,KIR2DS35*null+KIR2DS35*null,R,KIR2DL1*00302+KIR2DL1*00302,KIR2DL4*00103+KIR2DL4*00103,KIR3DL1*01502+KIR3DL1*01502,,KIR2DS4*00101+KIR2DS4*00101,KIR3DL2*063+KIR3DL2*063
african070,KIR3DL3*00801+KIR3DL3*01402,KIR2DS2*001,KIR2DL3*00101+KIR2DL2*00101,KIR2DL5B*00801,KIR2DS5*00201+KIR2DS35*null,KIR2DP1*00301+KIR2DP1*00301,KIR2DL1*00302+KIR2DL1*00401,KIR2DL4*00103,KIR3DL1*008+KIR3DL1S1*null,KIR2DS1*002,KIR2DS4*003,KIR3DL2*00901+KIR3DL2*00601
african071,KIR3DL3*00301+KIR3DL3*00301,KIR2DS2*001,KIR2DL2*00101+KIR2DL2*00602,KIR2DL5B*00201,KIR2DS3*00103+KIR2DS35*null,KIR2DP1*00102,KIR2DL1*007,KIR2DL4*00602+KIR2DL4*00103,KIR3DL1*00701+KIR3DL1*023,,KIR2DS4*004+KIR2DS4*00101,KIR3DL2*008+KIR3DL2*00103
african072,KIR3DL3*00802+KIR3DL3*035,,KIR2DL3*00107+KIR2DL3*018,R,KIR2DS35*unresolved,KIR2DP1*00201+KIR2DP1*009,R,R,KIR3DL1*00101+KIR3DL1*035,,KIR2DS4*003+KIR2DS4*00101,KIR3DL2*00101+KIR3DL2*00601
african073,KIR3DL3*01303+KIR3DL3*052,,KIR2DL23*unresolved,,KIR2DS35*null+KIR2DS35*null,R,KIR2DL1*00302+KIR2DL1*01101,R,KIR3DL1*020+KIR3DL1*035,,KIR2DS4*00101+KIR2DS4*00101,KIR3DL2*00902+KIR3DL2*052
african074,R,KIR2DS2*001+KIR2DS2*001,KIR2DL2*00101+KIR2DL2*00301,R,KIR2DS35*unresolved,R,R,KIR2DL4*01201,KIR3DL1S1*unresolved,KIR2DS1*002,KIR2DS4*009,KIR3DL2*064+KIR3DL2*00601
african076,R,KIR2DS2*001+KIR2DS2*001,KIR2DL2*00101+KIR2DL2*00301,R,KIR2DS35*unresolved,R,R,KIR2DL4*00103+KIR2DL4*01201,KIR3DL1S1*unresolved,,KIR2DS4*00101+KIR2DS4*009,KIR3DL2*00101+KIR3DL2*064
african077,R,KIR2DS2*001,KIR2DL3*00101+KIR2DL2*00301,R,KIR2DS35*unresolved,R,R,KIR2DL4*00801+KIR2DL4*013,KIR3DL1*00101+KIR3DL1*041,,KIR2DS4*003+KIR2DS4*00101,KIR3DL2*00101+KIR3DL2*015
african078,R,KIR2DS2*001+KIR2DS2*001,KIR2DL2*00101+KIR2DL2*00301,R,KIR2DS35*unresolved,R,R,KIR2DL4*01101+KIR2DL4*00103,KIR3DL1*00501+KIR3DL1*01501,,KIR2DS4*010+KIR2DS4*00101,KIR3DL2*00103+KIR3DL2*053
african079,KIR3DL3*00101+KIR3DL3*00901,,KIR2DL3*00101+KIR2DL3*00101,,KIR2DS35*null+KIR2DS35*null,KIR2DP1*00301+KIR2DP1*00201,KIR2DL1*00401+KIR2DL1*00302,KIR2DL4*00103+KIR2DL4*00102,KIR3DL1S1*unresolved,,KIR2DS4*00101+KIR2DS4*00101,KIR3DL2*023+KIR3DL2*026
african080,R,KIR2DS2*001,KIR2DL2*00301+KIR2DL3*00101,R,KIR2DS35*unresolved,R,R,R,KIR3DL1S1*unresolved,,KIR2DS4*00101+KIR2DS4*00101,R
african082,R,KIR2DS2*001,KIR2DL2*00602+KIR2DL2*00301,R,KIR2DS35*unresolved,R,R,KIR2DL4*00103+KIR2DL4*01201,KIR3DL1S1*unresolved,,KIR2DS4*00101+KIR2DS4*009,KIR3DL2*00103+KIR3DL2*064
african083,R,KIR2DS2*001,KIR2DL23*unresolved,KIR2DL5B*00801,KIR2DS5*00201+KIR2DS35*null,R,KIR2DL1*01101,R,KIR3DL1S1*unresolved,KIR2DS1*002,KIR2DS4*00101,KIR3DL2*00601+KIR3DL2*00601
african087,KIR3DL3*01001+KIR3DL3*02701,,KIR2DL23*unresolved,,KIR2DS35*null+KIR2DS35*null,R,R,KIR2DL4*00103+KIR2DL4*00103,KIR3DL1*008+KIR3DL1S1*null,,KIR2DS4*003+KIR2DS4*00101,R
african089,KIR3DL3*01102+KIR3DL3*02701,,KIR2DL3*00101+KIR2DL3*00501,,KIR2DS35*null+KIR2DS35*null,R,KIR2DL1*00302+KIR2DL1*00303,KIR2DL4*00103+KIR2DL4*00801,KIR3DL1*008+KIR3DL1*060,,KIR2DS4*003,KIR3DL2*01902
african092,R,KIR2DS2*001+KIR2DS2*001,KIR2DL2*00101+KIR2DL2*00301,KIR2DL5B*00801+KIR2DL5B*00201,KIR2DS35*unresolved,R,KIR2DL1*00401,KIR2DL4*00801,KIR3DL1*00501+KIR3DL1S1*null,KIR2DS1*002,KIR2DS4*010,KIR3DL2*010+KIR3DL2*00601
african093,R,KIR2DS2*001,KIR2DL23*unresolved,KIR2DL5B*00801,KIR2DS5*00201+KIR2DS35*null,R,KIR2DL1*01101,R,KIR3DL1*035+KIR3DL1S1*null,KIR2DS1*002,KIR2DS4*00101,KIR3DL2*015+KIR3DL2*00601
african096,R,KIR2DS2*001,KIR2DL2*00602+KIR2DL2*00301,R,KIR2DS35*unresolved,R,R,KIR2DL4*00103+KIR2DL4*01201,KIR3DL1S1*unresolved,,KIR2DS4*00101+KIR2DS4*009,KIR3DL2*00103+KIR3DL2*064
african097,KIR3DL3*00901+KIR3DL3*01302,,KIR2DL3*00101+KIR2DL3*00201,,KIR2DS35*null+KIR2DS35*null,KIR2DP1*00203+KIR2DP1*00301,KIR2DL1*00302+KIR2DL1*00201,KIR2DL4*01101+KIR2DL4*00103,KIR3DL1*00501+KIR3DL1*008,,KIR2DS4*010+KIR2DS4*003,KIR3DL2*00103+KIR3DL2*00901
african099,R,KIR2DS2*001+KIR2DS2*001,KIR2DL2*00101+KIR2DL2*00301,R,KIR2DS35*unresolved,R,KIR2DL1*00401,KIR2DL4*00801,KIR3DL1*00501+KIR3DL1S1*null,KIR2DS1*002,KIR2DS4*010,KIR3DL2*010+KIR3DL2*00601
african-100,KIR3DL3*00201+KIR3DL3*00901,,KIR2DL3*01202+KIR2DL3*00101,,KIR2DS35*null+KIR2DS35*null,R,KIR2DL1*01101+KIR2DL1*00401,R,KIR3DL1S1*unresolved,,KIR2DS4*00101+KIR2DS4*00101,KIR3DL2*023+KIR3DL2*043
african102,R,,KIR2DL23*unresolved,KIR2DL5B*010,KIR2DS3*00201+KIR2DS35*null,R,KIR2DL1*01101+KIR2DL1*00401,R,KIR3DL1S1*unresolved,,KIR2DS4*00101,KIR3DL2*00601
african103,R,KIR2DS2*001+KIR2DS2*001,KIR2DL2*00301+KIR2DL2*00301,R,KIR2DS35*unresolved,R,R,KIR2DL4*013+KIR2DL4*01201,KIR3DL1S1*unresolved,,KIR2DS4*00101+KIR2DS4*009,KIR3DL2*015+KIR3DL2*064
african104,R,,KIR2DL3*00101+KIR2DL3*00101,,KIR2DS35*null+KIR2DS35*null,KIR2DP1*00301+KIR2DP1*00301,KIR2DL1*00302+KIR2DL1*00302,KIR2DL4*00103+KIR2DL4*00103,KIR3DL1S1*unresolved,,KIR2DS4*003,KIR3DL2*01902
african105,KIR3DL3*01302+KIR3DL3*050,KIR2DS2*001,KIR2DL3*00201+KIR2DL2*00301,KIR2DL5B*003,KIR2DS5*009+KIR2DS35*null,KIR2DP1*00301,KIR2DL1*00201,KIR2DL4*00103,KIR3DL1*008+KIR3DL1S1*null,KIR2DS1*002,KIR2DS4*003,KIR3DL2*00901+KIR3DL2*01901
african106,KIR3DL3*00101+KIR3DL3*00901,,KIR2DL3*00201+KIR2DL3*00101,,KIR2DS35*null+KIR2DS35*null,KIR2DP1*00301+KIR2DP1*00203,KIR2DL1*00201+KIR2DL1*00302,KIR2DL4*01101+KIR2DL4*00103,KIR3DL1*00501+KIR3DL1*01501,,KIR2DS4*010+KIR2DS4*00101,KIR3DL2*00103+KIR3DL2*053
african-108,R,,KIR2DL3*00201+KIR2DL3*00501,KIR2DL5B*010,KIR2DS3*00201+KIR2DS35*null,KIR2DP1*00301+KIR2DP1*00102,KIR2DL1*00201+KIR2DL1*00401,KIR2DL4*00801+KIR2DL4*00802,KIR3DL1*00101+KIR3DL1*059,,KIR2DS4*003,KIR3DL2*00101
african-109,KIR3DL3*00301+KIR3DL3*00901,,KIR2DL2*00602+KIR2DL3*00101,,KIR2DS35*null+KIR2DS35*null,KIR2DP1*00203,KIR2DL1*00302,KIR2DL4*01101+KIR2DL4*00103,KIR3DL1*00501+KIR3DL1*023,,KIR2DS4*010+KIR2DS4*00101,KIR3DL2*00103+KIR3DL2*00103
african-110,R,KIR2DS2*001+KIR2DS2*001,KIR2DL2*00301+KIR2DL2*00301,R,KIR2DS35*unresolved,R,R,R,KIR3DL1*018+KIR3DL1*035,,KIR2DS4*00101+KIR2DS4*00101,KIR3DL2*00101+KIR3DL2*00601
african-116,KIR3DL3*00301+KIR3DL3*00402,KIR2DS2*001+KIR2DS2*001,KIR2DL2*00101+KIR2DL2*00101,KIR2DL5A*00104+KIR2DL5B*00202,KIR2DS35*unresolved,R,KIR2DL1*00401,KIR2DL4*00801,KIR3DL1*00501+KIR3DL1S1*null,KIR2DS1*002,KIR2DS4*010,KIR3DL2*010+KIR3DL2*00902
african-117,R,,KIR2DL3*00101+KIR2DL3*00101,,KIR2DS35*null+KIR2DS35*null,KIR2DP1*00301+KIR2DP1*00301,KIR2DL1*00302+KIR2DL1*00302,R,KIR3DL1*008+KIR3DL1*035,,KIR2DS4*003+KIR2DS4*00101,KIR3DL2*01902+KIR3DL2*00103
african-120,R,KIR2DS2*001+KIR2DS2*001,KIR2DL2*00301+KIR2DL2*00301,,KIR2DS35*null+KIR2DS35*null,R,KIR2DL1*00302+KIR2DL1*00401,KIR2DL4*00802+KIR2DL4*01201,KIR3DL1S1*unresolved,,KIR2DS4*006+KIR2DS4*009,KIR3DL2*023+KIR3DL2*064
african-121,R,KIR2DS2*001,KIR2DL2*00301+KIR2DL3*01202,R,KIR2DS3*00201+KIR2DS35*null,KIR2DP1*00102+KIR2DP1*00301,KIR2DL1*00401+KIR2DL1*01102,R,KIR3DL1*01502+KIR3DL1*035,,KIR2DS4*00101+KIR2DS4*00101,KIR3DL2*00201+KIR3DL2*052
african-122,R,KIR2DS2*001,KIR2DL2*00301+KIR2DL3*00101,,KIR2DS5*00201+KIR2DS35*null,R,KIR2DL1*001+KIR2DL1*00302,KIR2DL4*00103+KIR2DL4*00103,KIR3DL1S1*unresolved,,KIR2DS4*00101,KIR3DL2*00103
african-123,KIR3DL3*00301+KIR3DL3*052,KIR2DS2*001,KIR2DL2*00901+KIR2DL3*00101,,KIR2DS35*null+KIR2DS35*null,KIR2DP1*00102+KIR2DP1*00201,KIR2DL1*00401+KIR2DL1*00302,KIR2DL4*00103+KIR2DL4*021,KIR3DL1*01501+KIR3DL1*020,,KIR2DS4*00101+KIR2DS4*00101,KIR3DL2*01301+KIR3DL2*00902
african-124,R,KIR2DS2*001,KIR2DL3*00101+KIR2DL2*00301,KIR2DL5B*00202,KIR2DS35*unresolved,KIR2DP1*00201+KIR2DP1*00102,KIR2DL1*00302+KIR2DL1*00401,KIR2DL4*01101+KIR2DL4*01201,KIR3DL1S1*unresolved,,KIR2DS4*010+KIR2DS4*00101,KIR3DL2*00103+KIR3DL2*023
african-126,KIR3DL3*00402+KIR3DL3*00501,R,KIR2DL2*00601+KIR2DL3*00101,KIR2DL5A*01201,KIR2DS3*00103+KIR2DS35*null,KIR2DP1*00201,KIR2DL1*00302,KIR2DL4*00801,KIR3DL1*00101+KIR3DL1S1*null,KIR2DS1*002,KIR2DS4*003,KIR3DL2*00101+KIR3DL2*00601
african-127,KIR3DL3*00501+KIR3DL3*01201,,KIR2DL3*00101+KIR2DL3*00601,,KIR2DS35*null+KIR2DS35*null,KIR2DP1*00201+KIR2DP1*007,KIR2DL1*00302+KIR2DL1*00303,KIR2DL4*00802+KIR2DL4*00103,KIR3DL1*00401+KIR3DL1*01501,,KIR2DS4*006+KIR2DS4*00101,KIR3DL2*00301+KIR3DL2*01301
african-128,KIR3DL3*020+KIR3DL3*02701,KIR2DS2*001,KIR2DL2*00101+KIR2DL3*00501,,KIR2DS35*null+KIR2DS35*null,KIR2DP1*006,KIR2DL1*00302,KIR2DL4*00103+KIR2DL4*00103,KIR3DL1*01501+KIR3DL1*03101,,KIR2DS4*00101+KIR2DS4*00104,KIR3DL2*01301+KIR3DL2*00103
african-129,KIR3DL3*00301+KIR3DL3*032,KIR2DS2*001,KIR2DL2*00101+KIR2DL2*00602,KIR2DL5B*017,KIR2DS3*00103+KIR2DS35*null,KIR2DP1*00102,KIR2DL1*00401,KIR2DL4*00103+KIR2DL4*00103,KIR3DL1*01701+KIR3DL1*023,,KIR2DS4*00101+KIR2DS4*00101,KIR3DL2*010+KIR3DL2*00103
african-130,R,KIR2DS2*001,KIR2DL3*00101+KIR2DL2*00301,R,KIR2DS35*unresolved,R,R,KIR2DL4*013+KIR2DL4*00802,KIR3DL1*041+KIR3DL1*059,,KIR2DS4*00101,KIR3DL2*015
african-132,KIR3DL3*00402+KIR3DL3*020,KIR2DS2*001+KIR2DS2*001,KIR2DL2*00101+KIR2DL2*00301,R,KIR2DS5*00201+KIR2DS5*00201,R,KIR2DL1*001,KIR2DL4*01101+KIR2DL4*00103,KIR3DL1*00101+KIR3DL1*01501,,KIR2DS4*003+KIR2DS4*00101,KIR3DL2*00101+KIR3DL2*01301
african-133,KIR3DL3*00501+KIR3DL3*00901,,KIR2DL3*00101+KIR2DL3*00101,,KIR2DS35*null+KIR2DS35*null,KIR2DP1*00201+KIR2DP1*00201,KIR2DL1*00302+KIR2DL1*00302,KIR2DL4*00801+KIR2DL4*013,KIR3DL1*00101+KIR3DL1*01502,,KIR2DS4*003+KIR2DS4*003,KIR3DL2*00101+KIR3DL2*00201
african-134,KIR3DL3*00301+KIR3DL3*00402,KIR2DS2*001+KIR2DS2*001,KIR2DL23*unresolved,KIR2DL5B*00201,KIR2DS3*00106+KIR2DS35*null,KIR2DP1*00102,KIR2DL1*00401,KIR2DL4*00102+KIR2DL4*00103,KIR3DL1*002+KIR3DL1*01501,,KIR2DS4*00101+KIR2DS4*00101,KIR3DL2*00202+KIR3DL2*00103
african-136,R,KIR2DS2*001+KIR2DS2*001,KIR2DL2*00304+KIR2DL2*00301,KIR2DL5B*010,KIR2DS3*00201+KIR2DS35*null,KIR2DP1*00102,KIR2DL1*00401,KIR2DL4*00103+KIR2DL4*01201,KIR3DL1S1*unresolved,,KIR2DS4*003+KIR2DS4*009,KIR3DL2*00202+KIR3DL2*064
african-137,KIR3DL3*00402+KIR3DL3*034,R,KIR2DL2*00401+KIR2DL2*00301,KIR2DL5A*00101,KIR2DS5*00201+KIR2DS35*null,R,KIR2DL1*00403,KIR2DL4*00801+KIR2DL4*00501,KIR3DL1*00101+KIR3DS1*01301,KIR2DS1*002,KIR2DS4*003,KIR3DL2*00101+KIR3DL2*058
african-139,KIR3DL3*00301+KIR3DL3*00901,KIR2DS2*001,KIR2DL2*00301+KIR2DL3*00101,,KIR2DS35*null+KIR2DS35*null,KIR2DP1*00203,KIR2DL1*00302,KIR2DL4*00801+KIR2DL4*01101,KIR3DL1*00101+KIR3DL1*00501,,KIR2DS4*003+KIR2DS4*010,KIR3DL2*00101+KIR3DL2*00103
african-140,KIR3DL3*00901+KIR3DL3*01405,KIR2DS2*001,KIR2DL3*00101+KIR2DL2*00301,KIR2DL5A*00105,KIR2DS5*00201+KIR2DS35*null,KIR2DP1*00201+KIR2DP1*00201,KIR2DL1*00302+KIR2DL1*006,KIR2DL4*00801+KIR2DL4*00501,KIR3DL1*00101+KIR3DS1*01301,KIR2DS1*002,KIR2DS4*003,KIR3DL2*00101+KIR3DL2*00701
african-141,R,,KIR2DL3*01202+KIR2DL3*01202,,KIR2DS35*null+KIR2DS35*null,KIR2DP1*00301+KIR2DP1*00301,KIR2DL1*01102+KIR2DL1*01102,KIR2DL4*00103+KIR2DL4*00103,KIR3DL1*01501+KIR3DL1*01501,,KIR2DS4*00101+KIR2DS4*00101,KIR3DL2*00103+KIR3DL2*00103
african-142,R,,KIR2DL3*00501+KIR2DL3*01202,,KIR2DS35*null+KIR2DS35*null,R,KIR2DL1*001+KIR2DL1*01102,KIR2DL4*00801+KIR2DL4*00103,KIR3DL1*00101+KIR3DL1*01501,,KIR2DS4*003+KIR2DS4*00101,KIR3DL2*00101+KIR3DL2*00103
african-143,R,KIR2DS2*001,KIR2DL3*00201+KIR2DL2*00101,R,KIR2DS35*unresolved,KIR2DP1*00301,KIR2DL1*00201,KIR2DL4*00801+KIR2DL4*00801,KIR3DL1*00101+KIR3DL1*00101,,KIR2DS4*003+KIR2DS4*003,KIR3DL2*00101+KIR3DL2*00101
african-144,KIR3DL3*01307+KIR3DL3*01403,KIR2DS2*001,KIR2DL3*00201+KIR2DL2*00101,KIR2DL5B*00801,KIR2DS35*unresolved,R,KIR2DL1*00201+KIR2DL1*001,KIR2DL4*00801+KIR2DL4*00103,KIR3DL1*00101+KIR3DL1*01501,,KIR2DS4*003+KIR2DS4*00101,KIR3DL2*01101+KIR3DL2*00103
african-145,R,KIR2DS2*001,KIR2DL2*00301+KIR2DL3*00201,KIR2DL5B*011,KIR2DS5*00501+KIR2DS35*null,KIR2DP1*009+KIR2DP1*00301,KIR2DL1*01201+KIR2DL1*00201,KIR2DL4*00802+KIR2DL4*00801,KIR3DL1*00401+KIR3DL1*059,,KIR2DS4*006,KIR3DL2*00501