"","KIR3DP1","KIR2DP1","KIR2DS2","KIR2DL4","KIR3DL3","KIR3DL2","KIR2DS4","KIR2DL1","KIR2DS1","KIR2DL5","KIR2DL23","KIR2DS35","KIR3DL1S1"
"african004","KIR3DP1*00304+KIR3DP1*01001","KIR2DP1*00102+KIR2DP1*020","KIR2DS2*00101+KIR2DS2*null","KIR2DL4*00801+KIR2DL4*01201","KIR3DL3*unresolved+KIR3DL3*unresolved","KIR3DL2*00103+KIR3DL2*00105","KIR2DS4*00101+KIR2DS4*00301","KIR2DL1*00201+KIR2DL1*035","KIR2DS1*null+KIR2DS1*null","KIR2DL5B*00201+KIR2DL5*null","KIR2DL2*00301+KIR2DL3*00201","KIR2DS3*unresolved+KIR2DS35*null","KIR3DL1*00101+KIR3DL1*071"
"african009","KIR3DP1*unresolved+KIR3DP1*unresolved","KIR2DP1*unresolved+KIR2DP1*unresolved","KIR2DS2*null+KIR2DS2*null","KIR2DL4*00103+KIR2DL4*00801","KIR3DL3*unresolved+KIR3DL3*unresolved","KIR3DL2*01301+KIR3DL2*null","KIR2DS4*00101+KIR2DS4*null","KIR2DL1*00302+KIR2DL1*00401 KIR2DL1*00602+KIR2DL1*010","KIR2DS1*null+KIR2DS1*null","KIR2DL5*null+KIR2DL5*null","KIR2DL3*00101+KIR2DL3*00501","KIR2DS35*null+KIR2DS35*null","KIR3DL1*unresolved+KIR3DL1*unresolved"
"african010","KIR3DP1*013+KIR3DP1*014","KIR2DP1*unresolved+KIR2DP1*unresolved","KIR2DS2*00105+KIR2DS2*00105","KIR2DL4*01101+KIR2DL4*013","KIR3DL3*00301+KIR3DL3*01402 KIR3DL3*00302+KIR3DL3*01401","KIR3DL2*unresolved+KIR3DL2*unresolved","KIR2DS4*unresolved+KIR2DS4*unresolved","KIR2DL1*010+KIR2DL1*02202","KIR2DS1*null+KIR2DS1*null","KIR2DL5*unresolved+KIR2DL5*unresolved+KIR2DL5*unresolved","KIR2DL2*unresolved+KIR2DL2*unresolved","KIR2DS5*004+KIR2DS5*004+KIR2DS5*00502 KIR2DS5*004+KIR2DS5*00501+KIR2DS5*00502 KIR2DS5*004+KIR2DS5*00502+KIR2DS5*00502","KIR3DL1*00501+KIR3DL1*041"
"african011","KIR3DP1*unresolved+KIR3DP1*unresolved","KIR2DP1*00102+KIR2DP1*009","KIR2DS2*00101+KIR2DS2*00101","KIR2DL4*00102+KIR2DL4*024","KIR3DL3*00301+KIR3DL3*038","KIR3DL2*00103+KIR3DL2*015 KIR3DL2*00201+KIR3DL2*00601","KIR2DS4*00101+KIR2DS4*00101","KIR2DL1*00401+KIR2DL1*026","KIR2DS1*null+KIR2DS1*null","KIR2DL5B*00201+KIR2DL5B*00805","KIR2DL2*unresolved+KIR2DL2*unresolved","KIR2DS3*unresolved+KIR2DS5*01201","KIR3DL1*01502+KIR3DL1*03501"
"african012","KIR3DP1*unresolved+KIR3DP1*unresolved","KIR2DP1*unresolved+KIR2DP1*null","KIR2DS2*00105+KIR2DS2*null","KIR2DL4*00801+KIR2DL4*01101","KIR3DL3*unresolved+KIR3DL3*unresolved","KIR3DL2*unresolved+KIR3DL2*null","KIR2DS4*unresolved+KIR2DS4*null","KIR2DL1*unresolved+KIR2DL1*unresolved","KIR2DS1*null+KIR2DS1*null","KIR2DL5B*00601+KIR2DL5*null","KIR2DL2*00601+KIR2DL3*00201","KIR2DS5*unresolved+KIR2DS35*null","KIR3DL1*unresolved+KIR3DL1*unresolved"
"african014","KIR3DP1*00301+KIR3DP1*00302","KIR2DP1*unresolved+KIR2DP1*unresolved","KIR2DS2*004+KIR2DS2*null","KIR2DL4*00103+KIR2DL4*00501","KIR3DL3*005+KIR3DL3*028 KIR3DL3*01001+KIR3DL3*034","KIR3DL2*023+KIR3DL2*058","KIR2DS4*00101+KIR2DS4*null","KIR2DL1*00302+KIR2DL1*00401 KIR2DL1*00602+KIR2DL1*010","KIR2DS1*00201+KIR2DS1*null","KIR2DL5A*00101+KIR2DL5B*010 KIR2DL5A*00501+KIR2DL5B*00601 KIR2DL5A*01201+KIR2DL5B*00201","KIR2DL2*004+KIR2DL3*unresolved","KIR2DS3*00103+KIR2DS5*00201","KIR3DS1*01301+KIR3DL1*01701"
"african015","KIR3DP1*00302+KIR3DP1*01001","KIR2DP1*00102+KIR2DP1*00201","KIR2DS2*00101+KIR2DS2*null","KIR2DL4*00103+KIR2DL4*00801","KIR3DL3*01001+KIR3DL3*070","KIR3DL2*00103+KIR3DL2*024 KIR3DL2*01001+KIR3DL2*01301","KIR2DS4*00301+KIR2DS4*010","KIR2DL1*00302+KIR2DL1*00401 KIR2DL1*00602+KIR2DL1*010","KIR2DS1*null+KIR2DS1*null","KIR2DL5B*00201+KIR2DL5*null","KIR2DL2*00101+KIR2DL3*00101","KIR2DS3*unresolved+KIR2DS35*null","KIR3DL1*00501+KIR3DL1*01501"
"african016","KIR3DP1*unresolved+KIR3DP1*unresolved","KIR2DP1*unresolved+KIR2DP1*null","KIR2DS2*null+KIR2DS2*null","KIR2DL4*00103+KIR2DL4*024 KIR2DL4*00501+KIR2DL4*026","KIR3DL3*00301+KIR3DL3*01102 KIR3DL3*00901+KIR3DL3*020","KIR3DL2*00103+KIR3DL2*00103","KIR2DS4*00101+KIR2DS4*00101","KIR2DL1*00302+KIR2DL1*null","KIR2DS1*null+KIR2DS1*null","KIR2DL5*null+KIR2DL5*null","KIR2DL2*00602+KIR2DL3*00101","KIR2DS35*null+KIR2DS35*null","KIR3DL1*023+KIR3DL1*03501"
"african017","KIR3DP1*00304+KIR3DP1*01001","KIR2DP1*007+KIR2DP1*010 KIR2DP1*007+KIR2DP1*014","KIR2DS2*null+KIR2DS2*null","KIR2DL4*00103+KIR2DL4*00103","KIR3DL3*00208+KIR3DL3*034 KIR3DL3*005+KIR3DL3*01406","KIR3DL2*00103+KIR3DL2*040 KIR3DL2*00601+KIR3DL2*01301","KIR2DS4*00101+KIR2DS4*00101","KIR2DL1*00303+KIR2DL1*00401","KIR2DS1*null+KIR2DS1*null","KIR2DL5B*00601+KIR2DL5*null","KIR2DL2*00602+KIR2DL3*006","KIR2DS5*007+KIR2DS35*null","KIR3DL1*01501+KIR3DL1*01502"
"african018","KIR3DP1*unresolved+KIR3DP1*unresolved","KIR2DP1*00103+KIR2DP1*00103","KIR2DS2*00101+KIR2DS2*00101","KIR2DL4*013+KIR2DL4*013","KIR3DL3*038+KIR3DL3*038","KIR3DL2*015+KIR3DL2*015","KIR2DS4*00101+KIR2DS4*00106","KIR2DL1*02201+KIR2DL1*02201","KIR2DS1*null+KIR2DS1*null","KIR2DL5B*018+KIR2DL5B*018","KIR2DL2*00301+KIR2DL2*00301","KIR2DS5*00502+KIR2DS5*00502","KIR3DL1*041+KIR3DL1*041"
"african019","KIR3DP1*unresolved+KIR3DP1*unresolved","KIR2DP1*unresolved+KIR2DP1*unresolved","KIR2DS2*00101+KIR2DS2*null","KIR2DL4*00103+KIR2DL4*013","KIR3DL3*00201+KIR3DL3*00301 KIR3DL3*00901+KIR3DL3*01403","KIR3DL2*00201+KIR3DL2*04302 KIR3DL2*015+KIR3DL2*023","KIR2DS4*00101+KIR2DS4*00101","KIR2DL1*00401+KIR2DL1*02201","KIR2DS1*null+KIR2DS1*null","KIR2DL5B*018+KIR2DL5*null","KIR2DL2*00101+KIR2DL3*00101","KIR2DS5*00502+KIR2DS35*null","KIR3DL1*041+KIR3DL1*070"
"african020","KIR3DP1*00304+KIR3DP1*01001","KIR2DP1*00102+KIR2DP1*null","KIR2DS2*00101+KIR2DS2*null","KIR2DL4*00103+KIR2DL4*00801","KIR3DL3*00301+KIR3DL3*01403","KIR3DL2*00103+KIR3DL2*01001","KIR2DS4*00101+KIR2DS4*010 KIR2DS4*00301+KIR2DS4*016","KIR2DL1*00401+KIR2DL1*null","KIR2DS1*null+KIR2DS1*null","KIR2DL5B*00201+KIR2DL5*null","KIR2DL2*00101+KIR2DL2*00602","KIR2DS3*007+KIR2DS35*null","KIR3DL1*00501+KIR3DL1*023"
"african022","KIR3DP1*00304+KIR3DP1*null","KIR2DP1*010+KIR2DP1*null KIR2DP1*014+KIR2DP1*null","KIR2DS2*00101+KIR2DS2*null","KIR2DL4*unresolved+KIR2DL4*null","KIR3DL3*01406+KIR3DL3*038","KIR3DL2*00601+KIR3DL2*040","KIR2DS4*00101+KIR2DS4*null","KIR2DL1*00401+KIR2DL1*null","KIR2DS1*00201+KIR2DS1*null","KIR2DL5B*00601+KIR2DL5B*00801","KIR2DL2*00301+KIR2DL2*00602","KIR2DS5*00201+KIR2DS5*007","KIR3DL1*01501+KIR3DL1S1*null"
"african023","KIR3DP1*00301+KIR3DP1*00304","KIR2DP1*unresolved+KIR2DP1*unresolved","KIR2DS2*00101+KIR2DS2*null","KIR2DL4*01101+KIR2DL4*024","KIR3DL3*00301+KIR3DL3*02701 KIR3DL3*01402+KIR3DL3*041","KIR3DL2*01001+KIR3DL2*052","KIR2DS4*00301+KIR2DS4*010","KIR2DL1*00401+KIR2DL1*00401","KIR2DS1*null+KIR2DS1*null","KIR2DL5B*00801+KIR2DL5*null","KIR2DL2*00101+KIR2DL3*00501","KIR2DS5*007+KIR2DS35*null","KIR3DL1*00501+KIR3DL1*03501"
"african024","KIR3DP1*null+KIR3DP1*null","KIR2DP1*null+KIR2DP1*null","KIR2DS2*00101+KIR2DS2*00101","KIR2DL4*null+KIR2DL4*null","KIR3DL3*00402+KIR3DL3*038","KIR3DL2*00601+KIR3DL2*00601","KIR2DS4*null+KIR2DS4*null","KIR2DL1*null+KIR2DL1*null","KIR2DS1*00201+KIR2DS1*00201","KIR2DL5B*00801+KIR2DL5B*00801","KIR2DL2*00101+KIR2DL2*00301","KIR2DS5*00201+KIR2DS5*00201","KIR3DL1S1*null+KIR3DL1S1*null"
"african025","KIR3DP1*unresolved+KIR3DP1*null","KIR2DP1*00103+KIR2DP1*null","KIR2DS2*unresolved+KIR2DS2*unresolved","KIR2DL4*026+KIR2DL4*null","KIR3DL3*00402+KIR3DL3*071","KIR3DL2*00601+KIR3DL2*00601","KIR2DS4*00101+KIR2DS4*null","KIR2DL1*02201+KIR2DL1*null","KIR2DS1*00201+KIR2DS1*null","KIR2DL5B*00801+KIR2DL5B*018","KIR2DL2*00101+KIR2DL2*00301","KIR2DS5*00201+KIR2DS5*00502","KIR3DL1*03501+KIR3DL1S1*null"
"african026","KIR3DP1*00304+KIR3DP1*null","KIR2DP1*024+KIR2DP1*null","KIR2DS2*00101+KIR2DS2*null","KIR2DL4*01201+KIR2DL4*null","KIR3DL3*036+KIR3DL3*04901","KIR3DL2*unresolved+KIR3DL2*unresolved","KIR2DS4*009+KIR2DS4*null","KIR2DL1*00303+KIR2DL1*null","KIR2DS1*00201+KIR2DS1*null","KIR2DL5B*00801+KIR2DL5*null","KIR2DL2*00101+KIR2DL3*00501","KIR2DS5*00201+KIR2DS35*null","KIR3DL1*111+KIR3DL1S1*null"
"african027","KIR3DP1*unresolved+KIR3DP1*unresolved","KIR2DP1*00102+KIR2DP1*00103","KIR2DS2*00101+KIR2DS2*00101","KIR2DL4*00103+KIR2DL4*01101 KIR2DL4*00501+KIR2DL4*013","KIR3DL3*028+KIR3DL3*038","KIR3DL2*00701+KIR3DL2*015","KIR2DS4*00101+KIR2DS4*null","KIR2DL1*00401+KIR2DL1*02201","KIR2DS1*00201+KIR2DS1*null","KIR2DL5A*00105+KIR2DL5A*00501+KIR2DL5B*018 KIR2DL5A*00105+KIR2DL5B*00201+KIR2DL5B*018 KIR2DL5A*00501+KIR2DL5B*00802+KIR2DL5B*018","KIR2DL2*00101+KIR2DL2*00301","KIR2DS3*unresolved+KIR2DS5*00201+KIR2DS5*00502","KIR3DS1*01301+KIR3DL1*041"
"african028","KIR3DP1*unresolved+KIR3DP1*unresolved","KIR2DP1*00301+KIR2DP1*null","KIR2DS2*00101+KIR2DS2*null","KIR2DL4*00102+KIR2DL4*00103","KIR3DL3*00101+KIR3DL3*00402 KIR3DL3*00301+KIR3DL3*02601","KIR3DL2*00201+KIR3DL2*053 KIR3DL2*055+KIR3DL2*11001","KIR2DS4*00101+KIR2DS4*00101","KIR2DL1*00201+KIR2DL1*null","KIR2DS1*null+KIR2DS1*null","KIR2DL5*null+KIR2DL5*null","KIR2DL2*012+KIR2DL3*00201","KIR2DS35*null+KIR2DS35*null","KIR3DL1*00201+KIR3DL1*01501"
"african029","KIR3DP1*00302+KIR3DP1*014","KIR2DP1*unresolved+KIR2DP1*unresolved","KIR2DS2*null+KIR2DS2*null","KIR2DL4*unresolved+KIR2DL4*unresolved","KIR3DL3*01001+KIR3DL3*035","KIR3DL2*00103+KIR3DL2*00301","KIR2DS4*00101+KIR2DS4*00601 KIR2DS4*00102+KIR2DS4*00301","KIR2DL1*00302+KIR2DL1*00306","KIR2DS1*null+KIR2DS1*null","KIR2DL5*null+KIR2DL5*null","KIR2DL3*00101+KIR2DL3*035","KIR2DS35*null+KIR2DS35*null","KIR3DL1*unresolved+KIR3DL1*unresolved"
"african030","KIR3DP1*unresolved+KIR3DP1*unresolved","KIR2DP1*unresolved+KIR2DP1*unresolved","KIR2DS2*unresolved+KIR2DS2*null","KIR2DL4*00103+KIR2DL4*024 KIR2DL4*00501+KIR2DL4*026","KIR3DL3*01102+KIR3DL3*037","KIR3DL2*00103+KIR3DL2*015 KIR3DL2*00201+KIR3DL2*00601","KIR2DS4*00101+KIR2DS4*00101","KIR2DL1*unresolved+KIR2DL1*unresolved","KIR2DS1*null+KIR2DS1*null","KIR2DL5B*00805+KIR2DL5*null","KIR2DL2*unresolved+KIR2DL3*unresolved","KIR2DS5*01201+KIR2DS35*null","KIR3DL1*01501+KIR3DL1*03501"
"african031","KIR3DP1*013+KIR3DP1*014","KIR2DP1*00103+KIR2DP1*00201","KIR2DS2*00101+KIR2DS2*null","KIR2DL4*01101+KIR2DL4*013","KIR3DL3*00209+KIR3DL3*01403","KIR3DL2*00103+KIR3DL2*015 KIR3DL2*00201+KIR3DL2*00601","KIR2DS4*00301+KIR2DS4*010","KIR2DL1*00302+KIR2DL1*02201","KIR2DS1*null+KIR2DS1*null","KIR2DL5B*018+KIR2DL5*null","KIR2DL2*unresolved+KIR2DL3*00101","KIR2DS5*00502+KIR2DS35*null","KIR3DL1*00501+KIR3DL1*041"
"african035","KIR3DP1*unresolved+KIR3DP1*unresolved","KIR2DP1*023+KIR2DP1*null","KIR2DS2*00101+KIR2DS2*null","KIR2DL4*00103+KIR2DL4*00802 KIR2DL4*00104+KIR2DL4*00801","KIR3DL3*01801+KIR3DL3*038","KIR3DL2*unresolved+KIR3DL2*null","KIR2DS4*00101+KIR2DS4*null","KIR2DL1*unresolved+KIR2DL1*null","KIR2DS1*null+KIR2DS1*null","KIR2DL5B*00805+KIR2DL5*null","KIR2DL2*unresolved+KIR2DL3*00101 KIR2DL2*unresolved+KIR2DL3*00102 KIR2DL2*unresolved+KIR2DL3*00105 KIR2DL2*unresolved+KIR2DL3*003 KIR2DL2*unresolved+KIR2DL3*01202 KIR2DL2*unresolved+KIR2DL3*021 KIR2DL2*unresolved+KIR2DL3*024 KIR2DL2*unresolved+KIR2DL3*027 KIR2DL2*unresolved+KIR2DL3*028 KIR2DL2*unresolved+KIR2DL3*031 KIR2DL2*unresolved+KIR2DL3*032 KIR2DL2*unresolved+KIR2DL3*034","KIR2DS5*01201+KIR2DS35*null","KIR3DL1*unresolved+KIR3DL1*unresolved"
"african037","KIR3DP1*unresolved+KIR3DP1*unresolved","KIR2DP1*023+KIR2DP1*023","KIR2DS2*unresolved+KIR2DS2*unresolved","KIR2DL4*00103+KIR2DL4*01201","KIR3DL3*037+KIR3DL3*038","KIR3DL2*unresolved+KIR3DL2*unresolved","KIR2DS4*00101+KIR2DS4*009","KIR2DL1*026+KIR2DL1*026","KIR2DS1*null+KIR2DS1*null","KIR2DL5B*00805+KIR2DL5*null","KIR2DL2*unresolved+KIR2DL2*unresolved","KIR2DS5*01201+KIR2DS35*null","KIR3DL1*01501+KIR3DL1*111"
"african038","KIR3DP1*01001+KIR3DP1*null","KIR2DP1*00201+KIR2DP1*null","KIR2DS2*unresolved+KIR2DS2*null","KIR2DL4*00103+KIR2DL4*null","KIR3DL3*00301+KIR3DL3*00801 KIR3DL3*00402+KIR3DL3*00901","KIR3DL2*00103+KIR3DL2*040 KIR3DL2*00601+KIR3DL2*01301","KIR2DS4*00101+KIR2DS4*null","KIR2DL1*00302+KIR2DL1*null","KIR2DS1*00201+KIR2DS1*null","KIR2DL5B*00801+KIR2DL5*null","KIR2DL2*00101+KIR2DL3*unresolved","KIR2DS5*00201+KIR2DS35*null","KIR3DL1*01501+KIR3DL1S1*null"
"african039","KIR3DP1*unresolved+KIR3DP1*unresolved","KIR2DP1*unresolved+KIR2DP1*null","KIR2DS2*null+KIR2DS2*null","KIR2DL4*00103+KIR2DL4*024 KIR2DL4*00501+KIR2DL4*026","KIR3DL3*00301+KIR3DL3*067 KIR3DL3*00901+KIR3DL3*071","KIR3DL2*00103+KIR3DL2*00601","KIR2DS4*unresolved+KIR2DS4*unresolved","KIR2DL1*00302+KIR2DL1*null","KIR2DS1*null+KIR2DS1*null","KIR2DL5*null+KIR2DL5*null","KIR2DL2*00602+KIR2DL3*00101","KIR2DS35*null+KIR2DS35*null","KIR3DL1*023+KIR3DL1*113"
"african042","KIR3DP1*unresolved+KIR3DP1*unresolved","KIR2DP1*009+KIR2DP1*null","KIR2DS2*00101+KIR2DS2*00101","KIR2DL4*00102+KIR2DL4*024","KIR3DL3*00402+KIR3DL3*038","KIR3DL2*00103+KIR3DL2*015 KIR3DL2*00201+KIR3DL2*00601","KIR2DS4*00101+KIR2DS4*00101","KIR2DL1*026+KIR2DL1*null","KIR2DS1*null+KIR2DS1*null","KIR2DL5B*00805+KIR2DL5*null","KIR2DL2*00301+KIR2DL2*012","KIR2DS5*01201+KIR2DS35*null","KIR3DL1*00201+KIR3DL1*03501"
"african043","KIR3DP1*00302+KIR3DP1*null","KIR2DP1*023+KIR2DP1*null","KIR2DS2*00101+KIR2DS2*00101","KIR2DL4*01201+KIR2DL4*null","KIR3DL3*00402+KIR3DL3*038","KIR3DL2*unresolved+KIR3DL2*unresolved","KIR2DS4*009+KIR2DS4*null","KIR2DL1*026+KIR2DL1*null","KIR2DS1*00201+KIR2DS1*null","KIR2DL5B*00801+KIR2DL5B*00805","KIR2DL2*00101+KIR2DL2*00301","KIR2DS5*00201+KIR2DS5*01201","KIR3DL1*111+KIR3DL1S1*null"
"african044","KIR3DP1*unresolved+KIR3DP1*unresolved","KIR2DP1*00201+KIR2DP1*023","KIR2DS2*00101+KIR2DS2*null","KIR2DL4*00103+KIR2DL4*00103","KIR3DL3*01501+KIR3DL3*038","KIR3DL2*unresolved+KIR3DL2*unresolved","KIR2DS4*00101+KIR2DS4*00301","KIR2DL1*026+KIR2DL1*032N","KIR2DS1*null+KIR2DS1*null","KIR2DL5B*00805+KIR2DL5*null","KIR2DL2*unresolved+KIR2DL3*00101","KIR2DS5*01201+KIR2DS35*null","KIR3DL1*00801+KIR3DL1*01501"
"african046","KIR3DP1*00302+KIR3DP1*015","KIR2DP1*00201+KIR2DP1*00301","KIR2DS2*null+KIR2DS2*null","KIR2DL4*00102+KIR2DL4*01101","KIR3DL3*00101+KIR3DL3*01501 KIR3DL3*00602+KIR3DL3*00901","KIR3DL2*00103+KIR3DL2*10701 KIR3DL2*00201+KIR3DL2*01001","KIR2DS4*00101+KIR2DS4*010 KIR2DS4*00301+KIR2DS4*016","KIR2DL1*00101+KIR2DL1*034 KIR2DL1*00201+KIR2DL1*00302","KIR2DS1*null+KIR2DS1*null","KIR2DL5*null+KIR2DL5*null","KIR2DL3*00101+KIR2DL3*00201","KIR2DS35*null+KIR2DS35*null","KIR3DL1*00201+KIR3DL1*073"
"african047","KIR3DP1*unresolved+KIR3DP1*unresolved","KIR2DP1*023+KIR2DP1*null","KIR2DS2*00101+KIR2DS2*null","KIR2DL4*00103+KIR2DL4*01201","KIR3DL3*00301+KIR3DL3*038","KIR3DL2*00101+KIR3DL2*064","KIR2DS4*00101+KIR2DS4*009","KIR2DL1*unresolved+KIR2DL1*null","KIR2DS1*null+KIR2DS1*null","KIR2DL5B*00603+KIR2DL5*null KIR2DL5B*00805+KIR2DL5*null","KIR2DL2*00301+KIR2DL2*00602","KIR2DS5*01201+KIR2DS35*null","KIR3DL1*023+KIR3DL1*111"
"african050","KIR3DP1*00302+KIR3DP1*00302","KIR2DP1*unresolved+KIR2DP1*null","KIR2DS2*00101+KIR2DS2*null","KIR2DL4*00801+KIR2DL4*024","KIR3DL3*00207+KIR3DL3*020 KIR3DL3*01102+KIR3DL3*01405","KIR3DL2*00101+KIR3DL2*015 KIR3DL2*00201+KIR3DL2*00602 KIR3DL2*00202+KIR3DL2*00601","KIR2DS4*00301+KIR2DS4*00301","KIR2DL1*unresolved+KIR2DL1*null","KIR2DS1*null+KIR2DS1*null","KIR2DL5*null+KIR2DL5*null","KIR2DL2*00301+KIR2DL3*unresolved","KIR2DS35*null+KIR2DS35*null","KIR3DL1*00101+KIR3DL1*03501"
"african051","KIR3DP1*unresolved+KIR3DP1*null","KIR2DP1*unresolved+KIR2DP1*null","KIR2DS2*00101+KIR2DS2*null","KIR2DL4*024+KIR2DL4*null","KIR3DL3*01102+KIR3DL3*038","KIR3DL2*00103+KIR3DL2*00601","KIR2DS4*00101+KIR2DS4*null","KIR2DL1*00302+KIR2DL1*null","KIR2DS1*00201+KIR2DS1*null","KIR2DL5A*00101+KIR2DL5B*00805 KIR2DL5B*00801+KIR2DL5B*00805","KIR2DL2*unresolved+KIR2DL3*00101","KIR2DS5*00201+KIR2DS5*01202","KIR3DL1*03501+KIR3DL1S1*null"
"african052","KIR3DP1*unresolved+KIR3DP1*unresolved","KIR2DP1*023+KIR2DP1*null","KIR2DS2*unresolved+KIR2DS2*unresolved","KIR2DL4*00102+KIR2DL4*01201","KIR3DL3*020+KIR3DL3*092","KIR3DL2*unresolved+KIR3DL2*unresolved","KIR2DS4*00101+KIR2DS4*00101","KIR2DL1*026+KIR2DL1*null","KIR2DS1*null+KIR2DS1*null","KIR2DL5B*00805+KIR2DL5*null","KIR2DL2*00301+KIR2DL2*00301","KIR2DS5*01201+KIR2DS35*null","KIR3DL1*00201+KIR3DL1*111"
"african053","KIR3DP1*unresolved+KIR3DP1*null","KIR2DP1*null+KIR2DP1*null","KIR2DS2*00101+KIR2DS2*00101","KIR2DL4*00102+KIR2DL4*null","KIR3DL3*00402+KIR3DL3*00402","KIR3DL2*00103+KIR3DL2*015 KIR3DL2*00201+KIR3DL2*00601","KIR2DS4*00101+KIR2DS4*null","KIR2DL1*null+KIR2DL1*null","KIR2DS1*00201+KIR2DS1*null","KIR2DL5A*00101+KIR2DL5*null KIR2DL5A*01201+KIR2DL5*null KIR2DL5B*00601+KIR2DL5*null KIR2DL5B*00801+KIR2DL5*null","KIR2DL2*00101+KIR2DL2*012","KIR2DS5*00201+KIR2DS35*null","KIR3DL1*00201+KIR3DL1S1*null"
"african054","KIR3DP1*unresolved+KIR3DP1*unresolved","KIR2DP1*00301+KIR2DP1*010 KIR2DP1*00301+KIR2DP1*014","KIR2DS2*null+KIR2DS2*null","KIR2DL4*024+KIR2DL4*024","KIR3DL3*041+KIR3DL3*067","KIR3DL2*00601+KIR3DL2*052","KIR2DS4*unresolved+KIR2DS4*unresolved","KIR2DL1*00302+KIR2DL1*00401 KIR2DL1*00602+KIR2DL1*010","KIR2DS1*null+KIR2DS1*null","KIR2DL5*null+KIR2DL5*null","KIR2DL3*00101+KIR2DL3*00501","KIR2DS35*null+KIR2DS35*null","KIR3DL1*03501+KIR3DL1*113"
"african055","KIR3DP1*unresolved+KIR3DP1*null","KIR2DP1*null+KIR2DP1*null","KIR2DS2*unresolved+KIR2DS2*unresolved","KIR2DL4*unresolved+KIR2DL4*null","KIR3DL3*00402+KIR3DL3*00402","KIR3DL2*00103+KIR3DL2*015 KIR3DL2*00201+KIR3DL2*00601","KIR2DS4*unresolved+KIR2DS4*null","KIR2DL1*null+KIR2DL1*null","KIR2DS1*unresolved+KIR2DS1*null","KIR2DL5*unresolved+KIR2DL5*null","KIR2DL2*00601+KIR2DL2*012","KIR2DS5*unresolved+KIR2DS35*null","KIR3DL1*00201+KIR3DL1S1*null"
"african056","KIR3DP1*unresolved+KIR3DP1*unresolved","KIR2DP1*unresolved+KIR2DP1*unresolved","KIR2DS2*null+KIR2DS2*null","KIR2DL4*00802+KIR2DL4*024","KIR3DL3*01302+KIR3DL3*067","KIR3DL2*00301+KIR3DL2*00601","KIR2DS4*unresolved+KIR2DS4*unresolved","KIR2DL1*00101+KIR2DL1*034 KIR2DL1*00201+KIR2DL1*00302","KIR2DS1*null+KIR2DS1*null","KIR2DL5*null+KIR2DL5*null","KIR2DL3*00101+KIR2DL3*00201","KIR2DS35*null+KIR2DS35*null","KIR3DL1*110+KIR3DL1*113"
"african057","KIR3DP1*null+KIR3DP1*null","KIR2DP1*null+KIR2DP1*null","KIR2DS2*00101+KIR2DS2*00101","KIR2DL4*null+KIR2DL4*null","KIR3DL3*00402+KIR3DL3*00402","KIR3DL2*00601+KIR3DL2*00601","KIR2DS4*null+KIR2DS4*null","KIR2DL1*null+KIR2DL1*null","KIR2DS1*00201+KIR2DS1*00201","KIR2DL5B*00801+KIR2DL5B*00801","KIR2DL2*00101+KIR2DL2*00101","KIR2DS5*00201+KIR2DS5*00201","KIR3DL1S1*null+KIR3DL1S1*null"
"african058","KIR3DP1*unresolved+KIR3DP1*null","KIR2DP1*00103+KIR2DP1*null KIR2DP1*021+KIR2DP1*null KIR2DP1*022+KIR2DP1*null","KIR2DS2*unresolved+KIR2DS2*unresolved","KIR2DL4*013+KIR2DL4*null","KIR3DL3*00402+KIR3DL3*037","KIR3DL2*00601+KIR3DL2*052","KIR2DS4*00101+KIR2DS4*null","KIR2DL1*02201+KIR2DL1*null","KIR2DS1*00201+KIR2DS1*null","KIR2DL5B*00801+KIR2DL5B*018","KIR2DL2*unresolved+KIR2DL2*unresolved","KIR2DS5*unresolved+KIR2DS5*unresolved","KIR3DL1*041+KIR3DL1S1*null"
"african059","KIR3DP1*unresolved+KIR3DP1*null","KIR2DP1*unresolved+KIR2DP1*unresolved","KIR2DS2*00101+KIR2DS2*null","KIR2DL4*00103+KIR2DL4*01101 KIR2DL4*00501+KIR2DL4*013","KIR3DL3*unresolved+KIR3DL3*unresolved","KIR3DL2*00601+KIR3DL2*053 KIR3DL2*00602+KIR3DL2*053","KIR2DS4*unresolved+KIR2DS4*null","KIR2DL1*unresolved+KIR2DL1*unresolved","KIR2DS1*00201+KIR2DS1*null","KIR2DL5*unresolved+KIR2DL5*null","KIR2DL2*unresolved+KIR2DL3*00201","KIR2DS5*unresolved+KIR2DS35*null","KIR3DS1*unresolved+KIR3DL1*unresolved"
"african061","KIR3DP1*unresolved+KIR3DP1*unresolved","KIR2DP1*023+KIR2DP1*023","KIR2DS2*00101+KIR2DS2*00101","KIR2DL4*00103+KIR2DL4*00103","KIR3DL3*038+KIR3DL3*038","KIR3DL2*053+KIR3DL2*053","KIR2DS4*00101+KIR2DS4*00101","KIR2DL1*026+KIR2DL1*026","KIR2DS1*null+KIR2DS1*null","KIR2DL5B*00805+KIR2DL5B*00805","KIR2DL2*00301+KIR2DL2*00301","KIR2DS5*01201+KIR2DS5*01201","KIR3DL1*01501+KIR3DL1*01501"
"african062","KIR3DP1*00302+KIR3DP1*null","KIR2DP1*023+KIR2DP1*null","KIR2DS2*unresolved+KIR2DS2*unresolved","KIR2DL4*01201+KIR2DL4*null","KIR3DL3*unresolved+KIR3DL3*unresolved","KIR3DL2*unresolved+KIR3DL2*unresolved","KIR2DS4*009+KIR2DS4*null","KIR2DL1*026+KIR2DL1*null","KIR2DS1*00201+KIR2DS1*null","KIR2DL5B*00801+KIR2DL5B*00805","KIR2DL2*00101+KIR2DL2*00301","KIR2DS5*00201+KIR2DS5*01201","KIR3DL1*111+KIR3DL1S1*null"
"african063","KIR3DP1*unresolved+KIR3DP1*unresolved","KIR2DP1*unresolved+KIR2DP1*unresolved","KIR2DS2*null+KIR2DS2*null","KIR2DL4*024+KIR2DL4*024","KIR3DL3*035+KIR3DL3*067","KIR3DL2*00601+KIR3DL2*00601","KIR2DS4*unresolved+KIR2DS4*unresolved","KIR2DL1*00302+KIR2DL1*026","KIR2DS1*null+KIR2DS1*null","KIR2DL5B*00805+KIR2DL5*null","KIR2DL3*unresolved+KIR2DL3*unresolved","KIR2DS5*01201+KIR2DS35*null","KIR3DL1*03501+KIR3DL1*113"
"african065","KIR3DP1*unresolved+KIR3DP1*unresolved","KIR2DP1*unresolved+KIR2DP1*unresolved","KIR2DS2*00101+KIR2DS2*null","KIR2DL4*00103+KIR2DL4*00501","KIR3DL3*00301+KIR3DL3*01102 KIR3DL3*00901+KIR3DL3*020","KIR3DL2*unresolved+KIR3DL2*unresolved","KIR2DS4*00101+KIR2DS4*null","KIR2DL1*00401+KIR2DL1*02201","KIR2DS1*00201+KIR2DS1*null","KIR2DL5*unresolved+KIR2DL5*null","KIR2DL2*00301+KIR2DL3*00101","KIR2DS5*unresolved+KIR2DS5*unresolved","KIR3DS1*01301+KIR3DL1*070"
"african066","KIR3DP1*00302+KIR3DP1*00302","KIR2DP1*00201+KIR2DP1*00201","KIR2DS2*null+KIR2DS2*null","KIR2DL4*00103+KIR2DL4*022","KIR3DL3*005+KIR3DL3*00901 KIR3DL3*005+KIR3DL3*081","KIR3DL2*00103+KIR3DL2*00103","KIR2DS4*00104+KIR2DS4*00104","KIR2DL1*00302+KIR2DL1*00302","KIR2DS1*null+KIR2DS1*null","KIR2DL5*null+KIR2DL5*null","KIR2DL3*00101+KIR2DL3*011","KIR2DS35*null+KIR2DS35*null","KIR3DL1*03101+KIR3DL1*03101"
"african067","KIR3DP1*unresolved+KIR3DP1*unresolved","KIR2DP1*011+KIR2DP1*null","KIR2DS2*unresolved+KIR2DS2*unresolved","KIR2DL4*00801+KIR2DL4*00801","KIR3DL3*01405+KIR3DL3*069","KIR3DL2*00101+KIR3DL2*01001 KIR3DL2*00103+KIR3DL2*01004","KIR2DS4*00301+KIR2DS4*010","KIR2DL1*00401+KIR2DL1*null","KIR2DS1*null+KIR2DS1*null","KIR2DL5*unresolved+KIR2DL5*null","KIR2DL2*00301+KIR2DL2*00301","KIR2DS3*007+KIR2DS35*null","KIR3DL1*00101+KIR3DL1*00501"
"african068","KIR3DP1*00302+KIR3DP1*00302","KIR2DP1*011+KIR2DP1*null","KIR2DS2*unresolved+KIR2DS2*unresolved","KIR2DL4*00801+KIR2DL4*00801","KIR3DL3*01405+KIR3DL3*069","KIR3DL2*00101+KIR3DL2*01001 KIR3DL2*00103+KIR3DL2*01004","KIR2DS4*00301+KIR2DS4*010","KIR2DL1*00401+KIR2DL1*null","KIR2DS1*null+KIR2DS1*null","KIR2DL5*unresolved+KIR2DL5*null","KIR2DL2*00301+KIR2DL2*00301","KIR2DS3*007+KIR2DS35*null","KIR3DL1*00101+KIR3DL1*00501"
"african069","KIR3DP1*00302+KIR3DP1*00302","KIR2DP1*00202+KIR2DP1*00202","KIR2DS2*null+KIR2DS2*null","KIR2DL4*00103+KIR2DL4*00103","KIR3DL3*057+KIR3DL3*057","KIR3DL2*063+KIR3DL2*063","KIR2DS4*00101+KIR2DS4*00101","KIR2DL1*00302+KIR2DL1*00302","KIR2DS1*null+KIR2DS1*null","KIR2DL5*null+KIR2DL5*null","KIR2DL3*00101+KIR2DL3*00101","KIR2DS35*null+KIR2DS35*null","KIR3DL1*01502+KIR3DL1*01502"
"african070","KIR3DP1*00302+KIR3DP1*null","KIR2DP1*unresolved+KIR2DP1*unresolved","KIR2DS2*00101+KIR2DS2*null","KIR2DL4*00103+KIR2DL4*null","KIR3DL3*00201+KIR3DL3*00403 KIR3DL3*00202+KIR3DL3*00402 KIR3DL3*00801+KIR3DL3*01402","KIR3DL2*00601+KIR3DL2*01902 KIR3DL2*00602+KIR3DL2*01901","KIR2DS4*00301+KIR2DS4*null","KIR2DL1*00302+KIR2DL1*00302","KIR2DS1*00201+KIR2DS1*null","KIR2DL5*unresolved+KIR2DL5*null","KIR2DL2*00101+KIR2DL3*00101","KIR2DS5*00201+KIR2DS35*null","KIR3DL1*00801+KIR3DL1S1*null"
"african071","KIR3DP1*unresolved+KIR3DP1*unresolved","KIR2DP1*00102+KIR2DP1*null","KIR2DS2*00101+KIR2DS2*null","KIR2DL4*00103+KIR2DL4*00602","KIR3DL3*00301+KIR3DL3*00301","KIR3DL2*00103+KIR3DL2*008","KIR2DS4*00101+KIR2DS4*00401","KIR2DL1*007+KIR2DL1*null","KIR2DS1*null+KIR2DS1*null","KIR2DL5B*00201+KIR2DL5*null","KIR2DL2*00101+KIR2DL2*00602","KIR2DS3*00103+KIR2DS35*null","KIR3DL1*00701+KIR3DL1*023"
"african072","KIR3DP1*unresolved+KIR3DP1*unresolved","KIR2DP1*00201+KIR2DP1*009","KIR2DS2*null+KIR2DS2*null","KIR2DL4*00801+KIR2DL4*024","KIR3DL3*00802+KIR3DL3*035","KIR3DL2*00101+KIR3DL2*00601 KIR3DL2*00103+KIR3DL2*00602","KIR2DS4*00101+KIR2DS4*00301","KIR2DL1*00302+KIR2DL1*026","KIR2DS1*null+KIR2DS1*null","KIR2DL5B*00603+KIR2DL5*null KIR2DL5B*00805+KIR2DL5*null","KIR2DL3*unresolved+KIR2DL3*unresolved","KIR2DS5*01201+KIR2DS35*null","KIR3DL1*00101+KIR3DL1*03501"
"african073","KIR3DP1*00302+KIR3DP1*00302","KIR2DP1*00201+KIR2DP1*00301","KIR2DS2*null+KIR2DS2*null","KIR2DL4*00103+KIR2DL4*024 KIR2DL4*00501+KIR2DL4*026","KIR3DL3*unresolved+KIR3DL3*unresolved","KIR3DL2*00902+KIR3DL2*052","KIR2DS4*00101+KIR2DS4*00101","KIR2DL1*00401+KIR2DL1*034","KIR2DS1*null+KIR2DS1*null","KIR2DL5*null+KIR2DL5*null","KIR2DL3*00101+KIR2DL3*01202","KIR2DS35*null+KIR2DS35*null","KIR3DL1*02001+KIR3DL1*03501"
"african074","KIR3DP1*00302+KIR3DP1*null","KIR2DP1*023+KIR2DP1*null","KIR2DS2*00101+KIR2DS2*00101","KIR2DL4*01201+KIR2DL4*null","KIR3DL3*038+KIR3DL3*038","KIR3DL2*00602+KIR3DL2*064","KIR2DS4*009+KIR2DS4*null","KIR2DL1*026+KIR2DL1*null","KIR2DS1*00201+KIR2DS1*null","KIR2DL5B*00801+KIR2DL5B*00805","KIR2DL2*00101+KIR2DL2*00301","KIR2DS5*00201+KIR2DS5*01201","KIR3DL1*111+KIR3DL1S1*null"
"african076","KIR3DP1*00302+KIR3DP1*014","KIR2DP1*00103+KIR2DP1*023","KIR2DS2*00101+KIR2DS2*00101","KIR2DL4*00103+KIR2DL4*01201","KIR3DL3*01403+KIR3DL3*038","KIR3DL2*unresolved+KIR3DL2*unresolved","KIR2DS4*00101+KIR2DS4*00101","KIR2DL1*00101+KIR2DL1*026","KIR2DS1*null+KIR2DS1*null","KIR2DL5*unresolved+KIR2DL5*unresolved","KIR2DL2*00101+KIR2DL2*00301","KIR2DS5*00502+KIR2DS5*01201","KIR3DL1*01501+KIR3DL1*111"
"african077","KIR3DP1*013+KIR3DP1*014","KIR2DP1*00201+KIR2DP1*022","KIR2DS2*00101+KIR2DS2*null","KIR2DL4*00801+KIR2DL4*013","KIR3DL3*00801+KIR3DL3*038","KIR3DL2*00101+KIR3DL2*015 KIR3DL2*00201+KIR3DL2*00602 KIR3DL2*00202+KIR3DL2*00601","KIR2DS4*00101+KIR2DS4*00301","KIR2DL1*00302+KIR2DL1*02201","KIR2DS1*null+KIR2DS1*null","KIR2DL5B*018+KIR2DL5*null","KIR2DL2*unresolved+KIR2DL3*00101","KIR2DS5*007+KIR2DS35*null","KIR3DL1*00101+KIR3DL1*041"
"african078","KIR3DP1*unresolved+KIR3DP1*unresolved","KIR2DP1*023+KIR2DP1*null","KIR2DS2*00101+KIR2DS2*00101","KIR2DL4*00103+KIR2DL4*01101 KIR2DL4*00501+KIR2DL4*013","KIR3DL3*00301+KIR3DL3*038","KIR3DL2*00103+KIR3DL2*053","KIR2DS4*00301+KIR2DS4*010","KIR2DL1*026+KIR2DL1*null","KIR2DS1*null+KIR2DS1*null","KIR2DL5A*01202+KIR2DL5*null KIR2DL5B*00603+KIR2DL5*null KIR2DL5B*00805+KIR2DL5*null","KIR2DL2*00101+KIR2DL2*00301","KIR2DS5*01201+KIR2DS35*null","KIR3DL1*00501+KIR3DL1*01501"
"african079","KIR3DP1*unresolved+KIR3DP1*unresolved","KIR2DP1*unresolved+KIR2DP1*unresolved","KIR2DS2*null+KIR2DS2*null","KIR2DL4*00102+KIR2DL4*00103","KIR3DL3*00101+KIR3DL3*00901 KIR3DL3*00101+KIR3DL3*081","KIR3DL2*023+KIR3DL2*026","KIR2DS4*00101+KIR2DS4*00101","KIR2DL1*00302+KIR2DL1*00401 KIR2DL1*00602+KIR2DL1*010","KIR2DS1*null+KIR2DS1*null","KIR2DL5*null+KIR2DL5*null","KIR2DL3*00101+KIR2DL3*00101","KIR2DS35*null+KIR2DS35*null","KIR3DL1*01502+KIR3DL1*070"
"african080","KIR3DP1*unresolved+KIR3DP1*unresolved","KIR2DP1*unresolved+KIR2DP1*unresolved","KIR2DS2*00101+KIR2DS2*null","KIR2DL4*00103+KIR2DL4*024 KIR2DL4*00501+KIR2DL4*026","KIR3DL3*038+KIR3DL3*067","KIR3DL2*00601+KIR3DL2*053","KIR2DS4*unresolved+KIR2DS4*unresolved","KIR2DL1*00302+KIR2DL1*026","KIR2DS1*null+KIR2DS1*null","KIR2DL5B*00805+KIR2DL5*null","KIR2DL2*00301+KIR2DL3*00101","KIR2DS5*01201+KIR2DS35*null","KIR3DL1*01501+KIR3DL1*113"
"african082","KIR3DP1*unresolved+KIR3DP1*unresolved","KIR2DP1*023+KIR2DP1*null","KIR2DS2*00101+KIR2DS2*null","KIR2DL4*00103+KIR2DL4*01201","KIR3DL3*00301+KIR3DL3*038","KIR3DL2*unresolved+KIR3DL2*unresolved","KIR2DS4*00101+KIR2DS4*009","KIR2DL1*026+KIR2DL1*null","KIR2DS1*null+KIR2DS1*null","KIR2DL5B*00805+KIR2DL5*null","KIR2DL2*00301+KIR2DL2*00602","KIR2DS5*01201+KIR2DS35*null","KIR3DL1*023+KIR3DL1*111"
"african083","KIR3DP1*00302+KIR3DP1*null","KIR2DP1*unresolved+KIR2DP1*null","KIR2DS2*00101+KIR2DS2*null","KIR2DL4*024+KIR2DL4*null","KIR3DL3*00402+KIR3DL3*068","KIR3DL2*00601+KIR3DL2*00601","KIR2DS4*unresolved+KIR2DS4*null","KIR2DL1*unresolved+KIR2DL1*null","KIR2DS1*00201+KIR2DS1*null","KIR2DL5B*00801+KIR2DL5*null","KIR2DL2*00101+KIR2DL3*unresolved","KIR2DS5*00201+KIR2DS35*null","KIR3DL1*113+KIR3DL1S1*null"
"african087","KIR3DP1*00302+KIR3DP1*014","KIR2DP1*00301+KIR2DP1*010 KIR2DP1*00301+KIR2DP1*014","KIR2DS2*null+KIR2DS2*null","KIR2DL4*00103+KIR2DL4*00103","KIR3DL3*01001+KIR3DL3*02701 KIR3DL3*01003+KIR3DL3*02705","KIR3DL2*01901+KIR3DL2*053 KIR3DL2*01902+KIR3DL2*053","KIR2DS4*00101+KIR2DS4*00301","KIR2DL1*00302+KIR2DL1*00306","KIR2DS1*null+KIR2DS1*null","KIR2DL5*null+KIR2DL5*null","KIR2DL3*00101+KIR2DL3*035","KIR2DS35*null+KIR2DS35*null","KIR3DL1*00801+KIR3DL1*01501"
"african089","KIR3DP1*00302+KIR3DP1*00302","KIR2DP1*unresolved+KIR2DP1*unresolved","KIR2DS2*null+KIR2DS2*null","KIR2DL4*00103+KIR2DL4*00801","KIR3DL3*00202+KIR3DL3*056","KIR3DL2*unresolved+KIR3DL2*null","KIR2DS4*00301+KIR2DS4*null","KIR2DL1*00302+KIR2DL1*00303","KIR2DS1*null+KIR2DS1*null","KIR2DL5*null+KIR2DL5*null","KIR2DL3*00101+KIR2DL3*00501","KIR2DS35*null+KIR2DS35*null","KIR3DL1*unresolved+KIR3DL1*unresolved"
"african092","KIR3DP1*00302+KIR3DP1*null","KIR2DP1*011+KIR2DP1*null","KIR2DS2*unresolved+KIR2DS2*unresolved","KIR2DL4*00801+KIR2DL4*null","KIR3DL3*00402+KIR3DL3*069","KIR3DL2*00103+KIR3DL2*00701 KIR3DL2*00601+KIR3DL2*01001","KIR2DS4*010+KIR2DS4*null","KIR2DL1*00401+KIR2DL1*null","KIR2DS1*00201+KIR2DS1*null","KIR2DL5B*00201+KIR2DL5B*00601 KIR2DL5B*00801+KIR2DL5B*010","KIR2DL2*00101+KIR2DL2*00301","KIR2DS3*007+KIR2DS5*00201","KIR3DL1*00501+KIR3DL1S1*null"
"african093","KIR3DP1*00302+KIR3DP1*null","KIR2DP1*unresolved+KIR2DP1*null","KIR2DS2*00101+KIR2DS2*null","KIR2DL4*024+KIR2DL4*null","KIR3DL3*00402+KIR3DL3*01102 KIR3DL3*00801+KIR3DL3*020","KIR3DL2*00601+KIR3DL2*015","KIR2DS4*00101+KIR2DS4*null","KIR2DL1*unresolved+KIR2DL1*null","KIR2DS1*00201+KIR2DS1*null","KIR2DL5B*00801+KIR2DL5*null","KIR2DL2*00101+KIR2DL3*unresolved","KIR2DS5*00201+KIR2DS35*null","KIR3DL1*03501+KIR3DL1S1*null"
"african096","KIR3DP1*unresolved+KIR3DP1*unresolved","KIR2DP1*023+KIR2DP1*null","KIR2DS2*00101+KIR2DS2*null","KIR2DL4*00103+KIR2DL4*01201","KIR3DL3*00301+KIR3DL3*038","KIR3DL2*unresolved+KIR3DL2*unresolved","KIR2DS4*00101+KIR2DS4*00101","KIR2DL1*026+KIR2DL1*null","KIR2DS1*null+KIR2DS1*null","KIR2DL5B*00805+KIR2DL5*null","KIR2DL2*00301+KIR2DL2*00602","KIR2DS5*01201+KIR2DS35*null","KIR3DL1*023+KIR3DL1*111"
"african097","KIR3DP1*00302+KIR3DP1*015","KIR2DP1*00203+KIR2DP1*00301","KIR2DS2*null+KIR2DS2*null","KIR2DL4*00103+KIR2DL4*01101 KIR2DL4*00501+KIR2DL4*013","KIR3DL3*00101+KIR3DL3*00202 KIR3DL3*00104+KIR3DL3*00205 KIR3DL3*00901+KIR3DL3*01302","KIR3DL2*unresolved+KIR3DL2*unresolved","KIR2DS4*00301+KIR2DS4*010","KIR2DL1*00101+KIR2DL1*034 KIR2DL1*00201+KIR2DL1*00302","KIR2DS1*null+KIR2DS1*null","KIR2DL5*null+KIR2DL5*null","KIR2DL3*00101+KIR2DL3*00201","KIR2DS35*null+KIR2DS35*null","KIR3DL1*00501+KIR3DL1*00801"
"african099","KIR3DP1*00302+KIR3DP1*null","KIR2DP1*011+KIR2DP1*null","KIR2DS2*unresolved+KIR2DS2*unresolved","KIR2DL4*00801+KIR2DL4*null","KIR3DL3*038+KIR3DL3*069","KIR3DL2*00103+KIR3DL2*00701 KIR3DL2*00601+KIR3DL2*01001","KIR2DS4*010+KIR2DS4*null","KIR2DL1*00401+KIR2DL1*null","KIR2DS1*00201+KIR2DS1*null","KIR2DL5B*00201+KIR2DL5B*00201+KIR2DL5B*00603 KIR2DL5B*00201+KIR2DL5B*00202+KIR2DL5B*00602 KIR2DL5B*00201+KIR2DL5B*00202+KIR2DL5B*00603 KIR2DL5B*00201+KIR2DL5B*00203+KIR2DL5B*00603 KIR2DL5B*00201+KIR2DL5B*00601+KIR2DL5B*00603 KIR2DL5B*00201+KIR2DL5B*00601+KIR2DL5B*00805 KIR2DL5B*00201+KIR2DL5B*00602+KIR2DL5B*00603 KIR2DL5B*00201+KIR2DL5B*00602+KIR2DL5B*00803 KIR2DL5B*00201+KIR2DL5B*00602+KIR2DL5B*00805 KIR2DL5B*00201+KIR2DL5B*00603+KIR2DL5B*00603 KIR2DL5B*00201+KIR2DL5B*00603+KIR2DL5B*00801 KIR2DL5B*00201+KIR2DL5B*00603+KIR2DL5B*00803 KIR2DL5B*00201+KIR2DL5B*00603+KIR2DL5B*00804 KIR2DL5B*00201+KIR2DL5B*00603+KIR2DL5B*00805 KIR2DL5B*00201+KIR2DL5B*00603+KIR2DL5B*010 KIR2DL5B*00201+KIR2DL5B*00805+KIR2DL5B*010 KIR2DL5B*00202+KIR2DL5B*00202+KIR2DL5B*00602 KIR2DL5B*00202+KIR2DL5B*00203+KIR2DL5B*00602 KIR2DL5B*00202+KIR2DL5B*00203+KIR2DL5B*00603 KIR2DL5B*00202+KIR2DL5B*00601+KIR2DL5B*00602 KIR2DL5B*00202+KIR2DL5B*00601+KIR2DL5B*00603 KIR2DL5B*00202+KIR2DL5B*00601+KIR2DL5B*00805 KIR2DL5B*00202+KIR2DL5B*00602+KIR2DL5B*00602 KIR2DL5B*00202+KIR2DL5B*00602+KIR2DL5B*00603 KIR2DL5B*00202+KIR2DL5B*00602+KIR2DL5B*00801 KIR2DL5B*00202+KIR2DL5B*00602+KIR2DL5B*00803 KIR2DL5B*00202+KIR2DL5B*00602+KIR2DL5B*00804 KIR2DL5B*00202+KIR2DL5B*00602+KIR2DL5B*00805 KIR2DL5B*00202+KIR2DL5B*00602+KIR2DL5B*010 KIR2DL5B*00202+KIR2DL5B*00603+KIR2DL5B*00801 KIR2DL5B*00202+KIR2DL5B*00603+KIR2DL5B*00804 KIR2DL5B*00202+KIR2DL5B*00603+KIR2DL5B*010 KIR2DL5B*00202+KIR2DL5B*00805+KIR2DL5B*010 KIR2DL5B*00203+KIR2DL5B*00603+KIR2DL5B*00804 KIR2DL5B*00203+KIR2DL5B*00603+KIR2DL5B*010 KIR2DL5B*00203+KIR2DL5B*00805+KIR2DL5B*010 KIR2DL5B*00601+KIR2DL5B*00805+KIR2DL5B*010 KIR2DL5B*00602+KIR2DL5B*00803+KIR2DL5B*010 KIR2DL5B*00602+KIR2DL5B*00805+KIR2DL5B*010 KIR2DL5B*00603+KIR2DL5B*00801+KIR2DL5B*010 KIR2DL5B*00603+KIR2DL5B*00803+KIR2DL5B*010 KIR2DL5B*00603+KIR2DL5B*00804+KIR2DL5B*010 KIR2DL5B*00603+KIR2DL5B*00805+KIR2DL5B*010 KIR2DL5B*00801+KIR2DL5B*00805+KIR2DL5B*010 KIR2DL5B*00803+KIR2DL5B*00805+KIR2DL5B*010 KIR2DL5B*00804+KIR2DL5B*00805+KIR2DL5B*010 KIR2DL5B*00805+KIR2DL5B*00805+KIR2DL5B*010 KIR2DL5B*00805+KIR2DL5B*010+KIR2DL5B*010","KIR2DL2*00101+KIR2DL2*00301","KIR2DS3*unresolved+KIR2DS5*00201+KIR2DS5*01202","KIR3DL1*00501+KIR3DL1S1*null"
"african-100","KIR3DP1*unresolved+KIR3DP1*unresolved","KIR2DP1*unresolved+KIR2DP1*unresolved","KIR2DS2*null+KIR2DS2*null","KIR2DL4*00103+KIR2DL4*024 KIR2DL4*00501+KIR2DL4*026","KIR3DL3*00201+KIR3DL3*00901","KIR3DL2*unresolved+KIR3DL2*unresolved","KIR2DS4*unresolved+KIR2DS4*unresolved","KIR2DL1*unresolved+KIR2DL1*unresolved","KIR2DS1*null+KIR2DS1*null","KIR2DL5*null+KIR2DL5*null","KIR2DL3*00101+KIR2DL3*01202","KIR2DS35*null+KIR2DS35*null","KIR3DL1*070+KIR3DL1*113"
"african102","KIR3DP1*00301+KIR3DP1*00302","KIR2DP1*unresolved+KIR2DP1*unresolved","KIR2DS2*null+KIR2DS2*null","KIR2DL4*00501+KIR2DL4*00802","KIR3DL3*unresolved+KIR3DL3*unresolved","KIR3DL2*00103+KIR3DL2*null KIR3DL2*00601+KIR3DL2*null","KIR2DS4*unresolved+KIR2DS4*null","KIR2DL1*unresolved+KIR2DL1*unresolved","KIR2DS1*null+KIR2DS1*null","KIR2DL5B*00201+KIR2DL5*null KIR2DL5B*010+KIR2DL5*null","KIR2DL3*unresolved+KIR2DL3*unresolved","KIR2DS3*unresolved+KIR2DS35*null","KIR3DL1*unresolved+KIR3DL1*unresolved"
"african103","KIR3DP1*013+KIR3DP1*014","KIR2DP1*00103+KIR2DP1*023","KIR2DS2*00101+KIR2DS2*006","KIR2DL4*01201+KIR2DL4*013","KIR3DL3*038+KIR3DL3*038","KIR3DL2*unresolved+KIR3DL2*unresolved","KIR2DS4*00101+KIR2DS4*009","KIR2DL1*02201+KIR2DL1*026","KIR2DS1*null+KIR2DS1*null","KIR2DL5*unresolved+KIR2DL5*unresolved","KIR2DL2*00301+KIR2DL2*00301","KIR2DS5*00502+KIR2DS5*01201","KIR3DL1*unresolved+KIR3DL1*unresolved"
"african104","KIR3DP1*unresolved+KIR3DP1*unresolved","KIR2DP1*unresolved+KIR2DP1*unresolved","KIR2DS2*null+KIR2DS2*null","KIR2DL4*00103+KIR2DL4*00103","KIR3DL3*00202+KIR3DL3*01102 KIR3DL3*00202+KIR3DL3*01104","KIR3DL2*01902+KIR3DL2*null","KIR2DS4*00301+KIR2DS4*null","KIR2DL1*00302+KIR2DL1*00302","KIR2DS1*null+KIR2DS1*null","KIR2DL5*null+KIR2DL5*null","KIR2DL3*00101+KIR2DL3*00101","KIR2DS35*null+KIR2DS35*null","KIR3DL1*00801+KIR3DL1*01501"
"african105","KIR3DP1*015+KIR3DP1*null","KIR2DP1*00301+KIR2DP1*null","KIR2DS2*00102+KIR2DS2*null","KIR2DL4*00103+KIR2DL4*null","KIR3DL3*01302+KIR3DL3*050","KIR3DL2*00901+KIR3DL2*01901 KIR3DL2*00902+KIR3DL2*01902","KIR2DS4*00301+KIR2DS4*null","KIR2DL1*00201+KIR2DL1*null","KIR2DS1*00201+KIR2DS1*null","KIR2DL5B*00601+KIR2DL5B*00601","KIR2DL2*00301+KIR2DL3*00201","KIR2DS5*009+KIR2DS35*null","KIR3DL1*00801+KIR3DL1S1*null"
"african106","KIR3DP1*00302+KIR3DP1*015","KIR2DP1*00203+KIR2DP1*00301","KIR2DS2*null+KIR2DS2*null","KIR2DL4*00103+KIR2DL4*01101 KIR2DL4*00501+KIR2DL4*013","KIR3DL3*00101+KIR3DL3*00901","KIR3DL2*00103+KIR3DL2*053","KIR2DS4*00301+KIR2DS4*010","KIR2DL1*00101+KIR2DL1*034 KIR2DL1*00201+KIR2DL1*00302","KIR2DS1*null+KIR2DS1*null","KIR2DL5*null+KIR2DL5*null","KIR2DL3*00101+KIR2DL3*00201","KIR2DS35*null+KIR2DS35*null","KIR3DL1*00501+KIR3DL1*01501"
"african-108","KIR3DP1*00301+KIR3DP1*01001","KIR2DP1*00102+KIR2DP1*020","KIR2DS2*null+KIR2DS2*null","KIR2DL4*00801+KIR2DL4*00802","KIR3DL3*unresolved+KIR3DL3*unresolved","KIR3DL2*00105+KIR3DL2*null","KIR2DS4*00301+KIR2DS4*null","KIR2DL1*unresolved+KIR2DL1*unresolved","KIR2DS1*null+KIR2DS1*null","KIR2DL5B*010+KIR2DL5*null","KIR2DL3*00201+KIR2DL3*00501","KIR2DS3*00201+KIR2DS35*null","KIR3DL1*unresolved+KIR3DL1*unresolved"
"african-109","KIR3DP1*unresolved+KIR3DP1*unresolved","KIR2DP1*00203+KIR2DP1*null","KIR2DS2*null+KIR2DS2*null","KIR2DL4*00103+KIR2DL4*01101 KIR2DL4*00501+KIR2DL4*013","KIR3DL3*00301+KIR3DL3*00901 KIR3DL3*00301+KIR3DL3*081","KIR3DL2*00103+KIR3DL2*00103","KIR2DS4*00101+KIR2DS4*010 KIR2DS4*00301+KIR2DS4*016","KIR2DL1*00302+KIR2DL1*null","KIR2DS1*null+KIR2DS1*null","KIR2DL5*null+KIR2DL5*null","KIR2DL2*00602+KIR2DL3*00101","KIR2DS35*null+KIR2DS35*null","KIR3DL1*00501+KIR3DL1*023"
"african-110","KIR3DP1*unresolved+KIR3DP1*unresolved","KIR2DP1*023+KIR2DP1*023","KIR2DS2*unresolved+KIR2DS2*unresolved","KIR2DL4*00103+KIR2DL4*026","KIR3DL3*037+KIR3DL3*038","KIR3DL2*00103+KIR3DL2*00601","KIR2DS4*00101+KIR2DS4*00101","KIR2DL1*026+KIR2DL1*026","KIR2DS1*null+KIR2DS1*null","KIR2DL5B*00805+KIR2DL5B*00805","KIR2DL2*unresolved+KIR2DL2*unresolved","KIR2DS5*01201+KIR2DS5*01201","KIR3DL1*01501+KIR3DL1*03501"
"african-116","KIR3DP1*00302+KIR3DP1*null","KIR2DP1*011+KIR2DP1*null","KIR2DS2*00101+KIR2DS2*00101","KIR2DL4*00801+KIR2DL4*null","KIR3DL3*unresolved+KIR3DL3*unresolved","KIR3DL2*00902+KIR3DL2*01001","KIR2DS4*010+KIR2DS4*null","KIR2DL1*unresolved+KIR2DL1*null","KIR2DS1*00201+KIR2DS1*null","KIR2DL5A*00104+KIR2DL5A*00501 KIR2DL5B*00804+KIR2DL5A*00501 KIR2DL5A*00104+KIR2DL5B*00201 KIR2DL5B*00804+KIR2DL5B*00201","KIR2DL2*00101+KIR2DL2*00101","KIR2DS3*007+KIR2DS5*00201","KIR3DL1*00501+KIR3DL1S1*null"
"african-117","KIR3DP1*unresolved+KIR3DP1*unresolved","KIR2DP1*unresolved+KIR2DP1*unresolved","KIR2DS2*null+KIR2DS2*null","KIR2DL4*00103+KIR2DL4*024 KIR2DL4*00501+KIR2DL4*026","KIR3DL3*00202+KIR3DL3*01102","KIR3DL2*00601+KIR3DL2*01902 KIR3DL2*00602+KIR3DL2*01901","KIR2DS4*unresolved+KIR2DS4*unresolved","KIR2DL1*00302+KIR2DL1*00302","KIR2DS1*null+KIR2DS1*null","KIR2DL5*null+KIR2DL5*null","KIR2DL3*00101+KIR2DL3*00101","KIR2DS35*null+KIR2DS35*null","KIR3DL1*00801+KIR3DL1*03501"
"african-120","KIR3DP1*unresolved+KIR3DP1*unresolved","KIR2DP1*unresolved+KIR2DP1*unresolved","KIR2DS2*unresolved+KIR2DS2*unresolved","KIR2DL4*00802+KIR2DL4*01201","KIR3DL3*unresolved+KIR3DL3*unresolved","KIR3DL2*unresolved+KIR3DL2*unresolved","KIR2DS4*unresolved+KIR2DS4*unresolved","KIR2DL1*unresolved+KIR2DL1*unresolved","KIR2DS1*null+KIR2DS1*null","KIR2DL5A*00101+KIR2DL5A*00501 KIR2DL5B*00801+KIR2DL5A*00501 KIR2DL5A*00101+KIR2DL5B*00201 KIR2DL5B*00801+KIR2DL5B*00201 KIR2DL5A*00104+KIR2DL5B*00203 KIR2DL5B*00804+KIR2DL5B*00203","KIR2DL2*00301+KIR2DL2*00301","KIR2DS3*unresolved+KIR2DS5*unresolved","KIR3DL1*00401+KIR3DL1*111"
"african-121","KIR3DP1*00301+KIR3DP1*00302","KIR2DP1*00102+KIR2DP1*00301","KIR2DS2*00101+KIR2DS2*null","KIR2DL4*00103+KIR2DL4*024 KIR2DL4*00501+KIR2DL4*026","KIR3DL3*unresolved+KIR3DL3*unresolved","KIR3DL2*00201+KIR3DL2*052","KIR2DS4*unresolved+KIR2DS4*unresolved","KIR2DL1*unresolved+KIR2DL1*unresolved","KIR2DS1*null+KIR2DS1*null","KIR2DL5B*00201+KIR2DL5*null","KIR2DL2*00304+KIR2DL3*unresolved","KIR2DS3*00201+KIR2DS35*null","KIR3DL1*01502+KIR3DL1*03501"
"african-122","KIR3DP1*unresolved+KIR3DP1*unresolved","KIR2DP1*unresolved+KIR2DP1*unresolved","KIR2DS2*00101+KIR2DS2*null","KIR2DL4*00103+KIR2DL4*00103","KIR3DL3*01104+KIR3DL3*01403","KIR3DL2*00103+KIR3DL2*null","KIR2DS4*00101+KIR2DS4*null","KIR2DL1*00101+KIR2DL1*00302","KIR2DS1*null+KIR2DS1*null","KIR2DL5*unresolved+KIR2DL5*null","KIR2DL2*00101+KIR2DL3*00101","KIR2DS5*00502+KIR2DS35*null","KIR3DL1*01501+KIR3DL1*01501"
"african-123","KIR3DP1*unresolved+KIR3DP1*unresolved","KIR2DP1*unresolved+KIR2DP1*unresolved","KIR2DS2*unresolved+KIR2DS2*null","KIR2DL4*00103+KIR2DL4*021","KIR3DL3*00301+KIR3DL3*052","KIR3DL2*00103+KIR3DL2*037 KIR3DL2*00902+KIR3DL2*01301","KIR2DS4*unresolved+KIR2DS4*unresolved","KIR2DL1*00302+KIR2DL1*00401 KIR2DL1*00602+KIR2DL1*010","KIR2DS1*null+KIR2DS1*null","KIR2DL5A*00101+KIR2DL5A*00501 KIR2DL5B*00801+KIR2DL5A*00501 KIR2DL5A*00101+KIR2DL5B*00201 KIR2DL5B*00801+KIR2DL5B*00201 KIR2DL5A*00104+KIR2DL5B*00203 KIR2DL5B*00804+KIR2DL5B*00203","KIR2DL2*00101+KIR2DL3*00101","KIR2DS3*00103+KIR2DS5*unresolved","KIR3DL1*01501+KIR3DL1*02001"
"african-124","KIR3DP1*00302+KIR3DP1*00304","KIR2DP1*00102+KIR2DP1*00201","KIR2DS2*00101+KIR2DS2*null","KIR2DL4*01101+KIR2DL4*01201","KIR3DL3*005+KIR3DL3*038","KIR3DL2*00103+KIR3DL2*023","KIR2DS4*00301+KIR2DS4*010","KIR2DL1*00302+KIR2DL1*00401 KIR2DL1*00602+KIR2DL1*010","KIR2DS1*null+KIR2DS1*null","KIR2DL5B*00201+KIR2DL5*null","KIR2DL2*00301+KIR2DL3*00101","KIR2DS3*unresolved+KIR2DS35*null","KIR3DL1*00501+KIR3DL1*071"
"african-126","KIR3DP1*00302+KIR3DP1*null","KIR2DP1*unresolved+KIR2DP1*null","KIR2DS2*unresolved+KIR2DS2*null","KIR2DL4*unresolved+KIR2DL4*null","KIR3DL3*00402+KIR3DL3*005 KIR3DL3*00801+KIR3DL3*034","KIR3DL2*00101+KIR3DL2*00601 KIR3DL2*00103+KIR3DL2*00602","KIR2DS4*00301+KIR2DS4*null","KIR2DL1*00302+KIR2DL1*null","KIR2DS1*00201+KIR2DS1*null","KIR2DL5*unresolved+KIR2DL5*null","KIR2DL2*unresolved+KIR2DL3*unresolved","KIR2DS5*00201+KIR2DS35*null","KIR3DL1*00101+KIR3DL1S1*null"
"african-127","KIR3DP1*01001+KIR3DP1*01001","KIR2DP1*00201+KIR2DP1*007","KIR2DS2*null+KIR2DS2*null","KIR2DL4*00103+KIR2DL4*00802 KIR2DL4*00104+KIR2DL4*00801","KIR3DL3*005+KIR3DL3*012","KIR3DL2*00301+KIR3DL2*01301","KIR2DS4*00101+KIR2DS4*00601 KIR2DS4*00102+KIR2DS4*00301","KIR2DL1*00302+KIR2DL1*00303","KIR2DS1*null+KIR2DS1*null","KIR2DL5*null+KIR2DL5*null","KIR2DL3*00101+KIR2DL3*006","KIR2DS35*null+KIR2DS35*null","KIR3DL1*00401+KIR3DL1*01501"
"african-128","KIR3DP1*00302+KIR3DP1*01001","KIR2DP1*unresolved+KIR2DP1*null","KIR2DS2*00101+KIR2DS2*null","KIR2DL4*00103+KIR2DL4*00103","KIR3DL3*01402+KIR3DL3*056 KIR3DL3*056+KIR3DL3*092","KIR3DL2*00103+KIR3DL2*01301","KIR2DS4*00101+KIR2DS4*00104","KIR2DL1*00302+KIR2DL1*null","KIR2DS1*null+KIR2DS1*null","KIR2DL5*null+KIR2DL5*null","KIR2DL2*00101+KIR2DL3*00501","KIR2DS35*null+KIR2DS35*null","KIR3DL1*01501+KIR3DL1*03101"
"african-129","KIR3DP1*unresolved+KIR3DP1*unresolved","KIR2DP1*unresolved+KIR2DP1*null","KIR2DS2*00101+KIR2DS2*null","KIR2DL4*00103+KIR2DL4*00103","KIR3DL3*00301+KIR3DL3*032","KIR3DL2*00103+KIR3DL2*01001","KIR2DS4*00101+KIR2DS4*00101","KIR2DL1*00401+KIR2DL1*null","KIR2DS1*null+KIR2DS1*null","KIR2DL5B*017+KIR2DL5*null","KIR2DL2*unresolved+KIR2DL2*unresolved","KIR2DS3*00103+KIR2DS35*null","KIR3DL1*01701+KIR3DL1*023"
"african-130","KIR3DP1*unresolved+KIR3DP1*unresolved","KIR2DP1*unresolved+KIR2DP1*unresolved","KIR2DS2*unresolved+KIR2DS2*null","KIR2DL4*00802+KIR2DL4*013","KIR3DL3*00207+KIR3DL3*069","KIR3DL2*015+KIR3DL2*null","KIR2DS4*00101+KIR2DS4*null","KIR2DL1*00302+KIR2DL1*02201","KIR2DS1*null+KIR2DS1*null","KIR2DL5*unresolved+KIR2DL5*null","KIR2DL2*unresolved+KIR2DL3*00101","KIR2DS5*00502+KIR2DS35*null","KIR3DL1*unresolved+KIR3DL1*unresolved"
"african-132","KIR3DP1*013+KIR3DP1*014","KIR2DP1*00103+KIR2DP1*null","KIR2DS2*unresolved+KIR2DS2*unresolved","KIR2DL4*00103+KIR2DL4*01101 KIR2DL4*00501+KIR2DL4*013","KIR3DL3*00402+KIR3DL3*020","KIR3DL2*00101+KIR3DL2*01301 KIR3DL2*00103+KIR3DL2*01303","KIR2DS4*00101+KIR2DS4*00301","KIR2DL1*00101+KIR2DL1*null","KIR2DS1*null+KIR2DS1*null","KIR2DL5B*018+KIR2DL5B*018","KIR2DL2*00101+KIR2DL2*00301","KIR2DS5*00502+KIR2DS5*00502","KIR3DL1*00101+KIR3DL1*01501 KIR3DL1*016+KIR3DL1*018"
"african-133","KIR3DP1*unresolved+KIR3DP1*unresolved","KIR2DP1*unresolved+KIR2DP1*unresolved","KIR2DS2*null+KIR2DS2*null","KIR2DL4*unresolved+KIR2DL4*unresolved","KIR3DL3*005+KIR3DL3*00901 KIR3DL3*005+KIR3DL3*081","KIR3DL2*00101+KIR3DL2*00201 KIR3DL2*00103+KIR3DL2*00202","KIR2DS4*unresolved+KIR2DS4*unresolved","KIR2DL1*unresolved+KIR2DL1*unresolved","KIR2DS1*null+KIR2DS1*null","KIR2DL5*null+KIR2DL5*null","KIR2DL3*00101+KIR2DL3*00101","KIR2DS35*null+KIR2DS35*null","KIR3DL1*00101+KIR3DL1*01502"
"african-134","KIR3DP1*unresolved+KIR3DP1*unresolved","KIR2DP1*00102+KIR2DP1*null","KIR2DS2*00101+KIR2DS2*00101","KIR2DL4*00102+KIR2DL4*00103","KIR3DL3*00301+KIR3DL3*00402","KIR3DL2*00101+KIR3DL2*00201 KIR3DL2*00103+KIR3DL2*00202","KIR2DS4*00101+KIR2DS4*00101","KIR2DL1*00401+KIR2DL1*null","KIR2DS1*null+KIR2DS1*null","KIR2DL5B*00201+KIR2DL5*null","KIR2DL2*00101+KIR2DL2*012","KIR2DS3*00106+KIR2DS35*null","KIR3DL1*00201+KIR3DL1*01501"
"african-136","KIR3DP1*00301+KIR3DP1*00302","KIR2DP1*00102+KIR2DP1*null","KIR2DS2*unresolved+KIR2DS2*unresolved","KIR2DL4*00103+KIR2DL4*01201","KIR3DL3*unresolved+KIR3DL3*unresolved","KIR3DL2*unresolved+KIR3DL2*unresolved","KIR2DS4*unresolved+KIR2DS4*unresolved","KIR2DL1*00401+KIR2DL1*null","KIR2DS1*null+KIR2DS1*null","KIR2DL5*unresolved+KIR2DL5*null","KIR2DL2*00301+KIR2DL2*00304","KIR2DS3*00201+KIR2DS35*null","KIR3DL1*01502+KIR3DL1*111"
"african-137","KIR3DP1*00301+KIR3DP1*00302","KIR2DP1*unresolved+KIR2DP1*null","KIR2DS2*unresolved+KIR2DS2*unresolved","KIR2DL4*00501+KIR2DL4*00801","KIR3DL3*00402+KIR3DL3*034","KIR3DL2*00101+KIR3DL2*058","KIR2DS4*00301+KIR2DS4*null","KIR2DL1*00401+KIR2DL1*null","KIR2DS1*00201+KIR2DS1*null","KIR2DL5*unresolved+KIR2DL5*null","KIR2DL2*004+KIR2DL2*012","KIR2DS3*00103+KIR2DS5*unresolved","KIR3DS1*01301+KIR3DL1*00101"
"african-139","KIR3DP1*00302+KIR3DP1*00901","KIR2DP1*00203+KIR2DP1*null","KIR2DS2*00101+KIR2DS2*null","KIR2DL4*00801+KIR2DL4*01101","KIR3DL3*00301+KIR3DL3*00901","KIR3DL2*00101+KIR3DL2*00103","KIR2DS4*00301+KIR2DS4*010","KIR2DL1*00302+KIR2DL1*null","KIR2DS1*null+KIR2DS1*null","KIR2DL5*null+KIR2DL5*null","KIR2DL2*00301+KIR2DL3*00101","KIR2DS35*null+KIR2DS35*null","KIR3DL1*00101+KIR3DL1*00501"
"african-140","KIR3DP1*00302+KIR3DP1*00302","KIR2DP1*00201+KIR2DP1*00201","KIR2DS2*00101+KIR2DS2*null","KIR2DL4*00501+KIR2DL4*00801","KIR3DL3*00207+KIR3DL3*00301 KIR3DL3*00901+KIR3DL3*01405","KIR3DL2*unresolved+KIR3DL2*unresolved","KIR2DS4*00301+KIR2DS4*null","KIR2DL1*00302+KIR2DL1*00302","KIR2DS1*00201+KIR2DS1*null","KIR2DL5A*00101+KIR2DL5*null","KIR2DL2*00301+KIR2DL3*00101","KIR2DS5*00201+KIR2DS35*null","KIR3DS1*01301+KIR3DL1*00101"
"african-141","KIR3DP1*00302+KIR3DP1*00302","KIR2DP1*00301+KIR2DP1*00301","KIR2DS2*null+KIR2DS2*null","KIR2DL4*00103+KIR2DL4*00103","KIR3DL3*01103+KIR3DL3*01103","KIR3DL2*00103+KIR3DL2*00103","KIR2DS4*00101+KIR2DS4*00101","KIR2DL1*unresolved+KIR2DL1*unresolved","KIR2DS1*null+KIR2DS1*null","KIR2DL5*null+KIR2DL5*null","KIR2DL3*01202+KIR2DL3*01202","KIR2DS35*null+KIR2DS35*null","KIR3DL1*01501+KIR3DL1*01501"
"african-142","KIR3DP1*00302+KIR3DP1*014","KIR2DP1*00301+KIR2DP1*016","KIR2DS2*null+KIR2DS2*null","KIR2DL4*00103+KIR2DL4*00801","KIR3DL3*00202+KIR3DL3*056 KIR3DL3*01103+KIR3DL3*02701","KIR3DL2*00101+KIR3DL2*00103","KIR2DS4*00101+KIR2DS4*00301","KIR2DL1*00201+KIR2DL1*00401","KIR2DS1*null+KIR2DS1*null","KIR2DL5*null+KIR2DL5*null","KIR2DL3*00501+KIR2DL3*01202","KIR2DS35*null+KIR2DS35*null","KIR3DL1*00101+KIR3DL1*01501 KIR3DL1*016+KIR3DL1*018"
"african-143","KIR3DP1*unresolved+KIR3DP1*unresolved","KIR2DP1*00301+KIR2DP1*null","KIR2DS2*00101+KIR2DS2*null","KIR2DL4*00801+KIR2DL4*00801","KIR3DL3*00101+KIR3DL3*038","KIR3DL2*00101+KIR3DL2*00101","KIR2DS4*00301+KIR2DS4*00301","KIR2DL1*00201+KIR2DL1*null","KIR2DS1*null+KIR2DS1*null","KIR2DL5B*00805+KIR2DL5*null","KIR2DL2*unresolved+KIR2DL3*00201","KIR2DS5*01201+KIR2DS35*null KIR2DS5*01202+KIR2DS35*null","KIR3DL1*00101+KIR3DL1*00101"
"african-144","KIR3DP1*006+KIR3DP1*014","KIR2DP1*00103+KIR2DP1*00301","KIR2DS2*00101+KIR2DS2*null","KIR2DL4*00103+KIR2DL4*00801","KIR3DL3*01307+KIR3DL3*01403","KIR3DL2*00101+KIR3DL2*01101 KIR3DL2*00103+KIR3DL2*01101 KIR3DL2*00301+KIR3DL2*01001","KIR2DS4*00101+KIR2DS4*00301","KIR2DL1*00101+KIR2DL1*00201","KIR2DS1*null+KIR2DS1*null","KIR2DL5*unresolved+KIR2DL5*null","KIR2DL2*00101+KIR2DL3*00201","KIR2DS5*00502+KIR2DS35*null","KIR3DL1*00101+KIR3DL1*01501 KIR3DL1*016+KIR3DL1*018"
