,KIR3DL3,KIR2DS2,KIR2DL2,KIR2DL3,KIR2DL5,KIR2DS3,KIR2DS5,KIR2DP1,KIR2DL1,KIR2DL4,KIR3DL1,KIR3DS1,KIR2DS1,KIR2DS4,KIR3DL2
african002,2,1,1,1,1,0,1,2,2,2,2,0,0,2,2
african004,2,1,1,1,1,1,0,2,2,2,2,0,0,2,2
african005,2,1,0,1,1,0,1,0,0,1,1,0,1,1,2
african006,2,1,1,1,1,0,1,1,1,1,1,0,1,1,2
african009,2,0,0,2,0,0,0,2,2,2,2,0,0,1,1
african010,2,2,2,0,3,0,3,2,2,2,2,0,0,2,2
african011,2,2,2,0,2,1,1,2,2,2,2,0,0,2,2
african012,2,1,1,1,1,0,1,1,2,2,2,0,0,1,1
african014,2,1,1,1,2,1,1,2,2,2,1,1,1,1,2
african015,2,1,1,1,1,1,0,2,2,2,2,0,0,2,2
african016,2,0,1,1,0,0,0,1,1,2,2,0,0,2,2
african017,2,0,1,1,1,0,1,2,2,2,2,0,0,2,2
african018,2,2,2,0,2,0,2,2,2,2,2,0,0,2,2
african019,2,1,1,1,1,0,1,2,2,2,2,0,0,2,2
african020,2,1,2,0,1,1,0,1,1,2,2,0,0,2,2
african022,2,1,2,0,2,0,2,1,1,1,1,0,1,1,2
african023,2,1,1,1,1,0,1,2,2,2,2,0,0,2,2
african024,2,2,2,0,2,0,2,0,0,0,0,0,2,0,2
african025,2,2,2,0,2,0,2,1,1,1,1,0,1,1,2
african026,2,1,1,1,1,0,1,1,1,1,1,0,1,1,2
african027,2,2,2,0,3,1,2,2,2,2,1,1,1,1,2
african028,2,1,1,1,0,0,0,1,1,2,2,0,0,2,2
african029,2,0,0,2,0,0,0,2,2,2,2,0,0,2,2
african030,2,1,1,1,1,0,1,2,2,2,2,0,0,2,2
african031,2,1,1,1,1,0,1,2,2,2,2,0,0,2,2
african035,2,1,1,1,1,0,1,1,1,2,2,0,0,1,1
african037,2,2,2,0,1,0,1,2,2,2,2,0,0,2,2
african038,2,1,1,1,1,0,1,1,1,1,1,0,1,1,2
african039,2,0,1,1,0,0,0,1,1,2,2,0,0,2,2
african042,2,2,2,0,1,0,1,1,1,2,2,0,0,2,2
african043,2,2,2,0,2,0,2,1,1,1,1,0,1,1,2
african044,2,1,1,1,1,0,1,2,2,2,2,0,0,2,2
african046,2,0,0,2,0,0,0,2,2,2,2,0,0,2,2
african047,2,1,2,0,1,0,1,1,1,2,2,0,0,2,2
african050,2,1,1,1,0,0,0,1,1,2,2,0,0,2,2
african051,2,1,1,1,2,0,2,1,1,1,1,0,1,1,2
african052,2,2,2,0,1,0,1,1,1,2,2,0,0,2,2
african053,2,2,2,0,1,0,1,0,0,1,1,0,1,1,2
african054,2,0,0,2,0,0,0,2,2,2,2,0,0,2,2
african055,2,2,2,0,1,0,1,0,0,1,1,0,1,1,2
african056,2,0,0,2,0,0,0,2,2,2,2,0,0,2,2
african057,2,2,2,0,2,0,2,0,0,0,0,0,2,0,2
african058,2,2,2,0,2,0,2,1,1,1,1,0,1,1,2
african059,2,1,1,1,1,0,1,2,2,2,1,1,1,1,2
african061,2,2,2,0,2,0,2,2,2,2,2,0,0,2,2
african062,2,2,2,0,2,0,2,1,1,1,1,0,1,1,2
african063,2,0,0,2,1,0,1,2,2,2,2,0,0,2,2
african065,2,1,1,1,1,0,2,2,2,2,1,1,1,1,2
african066,2,0,0,2,0,0,0,2,2,2,2,0,0,2,2
african067,2,2,2,0,1,1,0,1,1,2,2,0,0,2,2
african068,2,2,2,0,1,1,0,1,1,2,2,0,0,2,2
african069,2,0,0,2,0,0,0,2,2,2,2,0,0,2,2
african070,2,1,1,1,1,0,1,2,2,1,1,0,1,1,2
african071,2,1,2,0,1,1,0,1,1,2,2,0,0,2,2
african072,2,0,0,2,1,0,1,2,2,2,2,0,0,2,2
african073,2,0,0,2,0,0,0,2,2,2,2,0,0,2,2
african074,2,2,2,0,2,0,2,1,1,1,1,0,1,1,2
african076,2,2,2,0,2,0,2,2,2,2,2,0,0,2,2
african077,2,1,1,1,1,0,1,2,2,2,2,0,0,2,2
african078,2,2,2,0,1,0,1,1,1,2,2,0,0,2,2
african079,2,0,0,2,0,0,0,2,2,2,2,0,0,2,2
african080,2,1,1,1,1,0,1,2,2,2,2,0,0,2,2
african082,2,1,2,0,1,0,1,1,1,2,2,0,0,2,2
african083,2,1,1,1,1,0,1,1,1,1,1,0,1,1,2
african087,2,0,0,2,0,0,0,2,2,2,2,0,0,2,2
african089,2,0,0,2,0,0,0,2,2,2,2,0,0,1,1
african092,2,2,2,0,2,1,1,1,1,1,1,0,1,1,2
african093,2,1,1,1,1,0,1,1,1,1,1,0,1,1,2
african096,2,1,2,0,1,0,1,1,1,2,2,0,0,2,2
african097,2,0,0,2,0,0,0,2,2,2,2,0,0,2,2
african099,2,2,2,0,3,1,2,1,1,1,1,0,1,1,2
african-100,2,0,0,2,0,0,0,2,2,2,2,0,0,2,2
african102,2,0,0,2,1,1,0,2,2,2,2,0,0,1,1
african103,2,2,2,0,2,0,2,2,2,2,2,0,0,0,2
african104,2,0,0,2,0,0,0,2,2,2,2,0,0,1,1
african105,2,1,1,1,2,0,1,1,1,1,1,0,1,1,2
african106,2,0,0,2,0,0,0,2,2,2,2,0,0,2,2
african-108,2,0,0,2,1,1,0,2,2,2,2,0,0,1,1
african-109,2,0,1,1,0,0,0,1,1,2,2,0,0,2,2
african-110,2,2,2,0,2,0,2,2,2,2,2,0,0,2,2
african-116,2,2,2,0,2,1,1,1,1,1,1,0,1,1,2
african-117,2,0,0,2,0,0,0,2,2,2,2,0,0,2,2
african-120,2,2,2,0,0,0,0,2,2,2,2,0,0,2,2
african-121,2,1,1,1,1,1,0,2,2,2,2,0,0,2,2
african-122,2,1,1,1,1,0,1,2,2,2,2,0,0,1,1
african-123,2,1,1,1,0,0,0,2,2,2,2,0,0,2,2
african-124,2,1,1,1,1,1,0,2,2,2,2,0,0,2,2
african-126,2,1,1,1,1,0,1,1,1,1,1,0,1,1,2
african-127,2,0,0,2,0,0,0,2,2,2,2,0,0,2,2
african-128,2,1,1,1,0,0,0,1,1,2,2,0,0,2,2
african-129,2,1,2,0,1,1,0,1,1,2,2,0,0,2,2
african-130,2,1,1,1,1,0,1,2,2,2,2,0,0,1,1
african-132,2,2,2,0,2,0,2,1,1,2,2,0,0,2,2
african-133,2,0,0,2,0,0,0,2,2,2,2,0,0,2,2
african-134,2,2,2,0,1,1,0,1,1,2,2,0,0,2,2
african-136,2,2,2,0,1,1,0,1,1,2,2,0,0,2,2
african-137,2,2,2,0,1,0,1,1,1,2,1,1,1,1,2
african-139,2,1,1,1,0,0,0,1,1,2,2,0,0,2,2
african-140,2,1,1,1,1,0,1,2,2,2,1,1,1,1,2
african-141,2,0,0,2,0,0,0,2,2,2,2,0,0,2,2
african-142,2,0,0,2,0,0,0,2,2,2,2,0,0,2,2
african-143,2,1,1,1,1,0,1,1,1,2,2,0,0,2,2
african-144,2,1,1,1,1,0,1,2,2,2,2,0,0,2,2
african-145,2,1,1,1,1,0,1,2,2,2,2,0,0,1,1